,,,,,,,,,Process name,use & collection,"Acetic acid, at plant","advanced recycling, delamination, multi-layer plastic packaging","advanced recycling, STRAP, multi-layer plastic packaging","Asphalt binder, 3.5% styrene-butadiene-styrene (SBS), consumption mix, at terminal, from crude oil, 3.5% styrene-butadiene-styrene","Bark, hardwood, average, at forest road, NE-NC","Benzene, at plant","bio-cyclohexa-2,5-diene-1,4-dicarboxylate production",bio-EG production (monomer),bio-ethanol production from corn,bio-ethylene oxide production,bio-ethylene production (monomer),bio-muconic acid production,bio-propylene production (monomer),bio-PTA production (monomer),bio-styrene production (monomer),bio-vinyl chloride production (monomer),"Bituminous coal, at mine","Bituminous coal, combusted in industrial boiler","Carbon monoxide, at plant","cement clinker, mixed plastic packaging, sorted","chemical recycling with metal oxide, PS sorted","Chlorine, production mix, at plant","Chlorine; chlor-alkali average, membrane cell; at plant","Corn, whole plant, at field","Crude oil, extracted","depolymerization, enzymatic hyrdrolysis, PET sorted","depolymerization, glycolysis, PET sorted","Diesel, combusted in industrial boiler","Diesel, combusted in industrial equipment","Electrcity, solar photovoltatic",Electricity,"Electricity, at cogen, for natural gas turbine","Electricity, at Grid, US, 2010","Electricity, biomass, at power plant","Electricity, bituminous coal, at power plant","Electricity, concentrated solar power (CSP)","Electricity, diesel, at power plant","Electricity, Eastern US, 2014","Electricity, lignite coal, at power plant","Electricity, natural gas, at power plant","Electricity, nuclear, at power plant","Electricity, residual fuel oil, at power plant","Electricity, solar","Enzyme, Alpha-amylase, Novozyme Liquozyme","Ethylene, materials production, organic compound, at plant, kg",fossil-EG production (monomer),fossil-ethylene production (monomer),fossil-propylene production (monomer),fossil-propylene production (monomer),fossil-PTA production (monomer),fossil-styrene production (monomer),fossil-vinyl chloride production (monomer),"Fuel grade uranium, at regional storage","Gasoline, combusted in equipment",glucose production from corn,HDPE production,Heat,"Heat, onsite boiler, hardwood mill, average, SE","Heat, onsite boiler, hardwood mill, average, SE",High-tech MRF,"Hydrochloric acid, HCl; MDI coproduct; at plant, 100% HCl","Hydrochloric acid, without water, in 30% solution state, at plant","Hydrogen, chlor-alkali average, membrane cell; at plant","Hydrogen, liquid, synthesis gas, at plant","incineration, electricity recovery, plastic packaging waste","incineration, electricity recovery, plastic residues","landfill, plastic packaging waste","landfill, plastic residues","large, flexible, mono-layer plastic packaging production","large, flexible, multi-layer plastic packaging production","large, rigid, mono-layer plastic packaging production","large, rigid, multi-layer plastic packaging production",LDPE production,"Lignite coal, at surface mine","Lignite coal, combusted in industrial boiler","Limestone, at mine","Liquefied petroleum gas, combusted in industrial boiler",Low-tech MRF,"mechanical recycling, HDPE sorted","mechanical recycling, LDPE sorted","mechanical recycling, PET sorted","mechanical recycling, PP sorted","mechanical recycling, PS sorted","mechanical recycling, PVC sorted",Med-tech MRF,"Methanol, at plant, kg","Natural gas, at extraction, Barnett Shale, kg","Natural gas, at extraction, coal bed methane, kg","Natural gas, at extraction, conventional offshore, kg","Natural gas, at extraction, conventional onshore associated, kg","Natural gas, at extraction, conventional onshore, kg","Natural gas, at extraction, Marcellus Shale, kg","Natural gas, at extraction, production mixture, to consumer, kg","Natural gas, at processing, conventional, kg","Natural gas, at processing, production mixture, to consumer, kg","Natural gas, at processing, shale, kg","Natural gas, combusted in industrial boiler","Natural gas, combusted in industrial boiler, at hydrocracker, for ethylene","Natural gas, combusted in industrial boiler, at hydrocracker, for pyrolysis gas","Natural gas, combusted in industrial equipment","Natural gas, processed, for energy use, at plant","Natural gas, processed, for material use, at plant","Nitrogen fertilizer, production mix, at plant","Oxygen, liquid, at plant","Paraxylene, at plant, kg",PET fiber production from sorted PET waste,PET production,"Petroleum refined, for energy use, at plant","Petroleum refined, for material use, at plant","Petroleum refining, at refinery","Petroleum refining, at refinery","Petroleum refining, at refinery","Petroleum refining, at refinery","Petroleum refining, at refinery","Phosphorous fertilizer, production mix, at plant",plastic lumber production from sorted mixed plastic waste,polyester fiber from PET,PP production,PS production,PVC production,"pyrolysis (monomer production), HDPE sorted","pyrolysis (monomer production), LDPE sorted","pyrolysis (monomer production), PP sorted","Pyrolysis gasoline, at plant","pyrolysis, feedstock recycling, mixed plastic waste, sorted","Quicklime, at plant","Residual fuel oil, combusted in industrial boiler",road pavement production from sorted mixed plastic waste,"Roundwood, hardwood, green, at logyard, SE","Roundwood, hardwood, green, at logyard, SE","Roundwood, hardwood, green, at mill, SE","Roundwood, hardwood, green, at mill, SE","Sawn lumber, hardwood, planed, kiln dried, at planer mill, SE","Sawn lumber, hardwood, planed, kiln dried, at planer mill, SE","Sawn lumber, hardwood, rough, green, at sawmill, SE","Sawn lumber, hardwood, rough, green, at sawmill, SE","Sawn lumber, hardwood, rough, kiln dried, at kiln, SE",small format plastic packaging production,"Soda powder, at plant","Sodium chloride, at plant","Sodium hydroxide; chlor-alkali average, membrane cell; at plant; 50% solution state",sodium sulfate (carbon footprint process),"Steam, purchased by containerboard mills","Sulfur, at plant","Sulfuric acid, at plant","Transport, barge, average fuel mix","Transport, barge, diesel powered","Transport, barge, residual fuel oil powered","Transport, combination truck, average fuel mix","Transport, combination truck, diesel powered","Transport, ocean freighter, average fuel mix","Transport, ocean freighter, diesel powered","Transport, ocean freighter, residual fuel oil powered","Transport, pipeline, natural gas","Transport, pipeline, unspecified petroleum products","Transport, single unit truck, diesel powered","Transport, train, diesel powered",Water,"White mineral oil, at plant","Wood fuel, hardwood, generated at lumber mill, combusted in industrial boiler, SE","Wood fuel, hardwood, purchased, combusted in industrial boiler, SE","Wood fuel, unspecified","Wood waste, unspecified, combusted in industrial boiler","Xylenes, mixed, produced from naphtha, at plant, kg"
,,,,,,,,,Product name,plastic packaging consumption,"Acetic acid, at plant","multi-layer plastic packaging, sorted","multi-layer plastic packaging, sorted",Asphalt binder,Bark; hardwood; average; at forest road,"Benzene, at plant","bio-cyclohexa-2,5-diene-1,4-dicarboxylate",EG (monomer),"ethanol, from fermentation","Ethylene oxide, at plant",ethylene (monomer),bio-muconic acid,propylene (monomer),PTA (monomer),styrene (monomer),vinyl chloride (monomer),"Bituminous coal, at mine","Bituminous coal, combusted in industrial boiler","Carbon monoxide, at plant","mixed plastic waste, sorted","PS, sorted","Sodium hydroxide, production mix, at plant","Chlorine; chlor-alkali average, membrane cell; at plant","Corn, at field","Crude oil, extracted","PET, sorted","PET, sorted","Diesel, combusted in industrial boiler","Diesel, combusted in industrial equipment",Electricity,Electricity,"Electricity, at cogen, for natural gas turbine","Electricity, at grid","Electricity, biomass, at power plant","Electricity, bituminous coal, at power plant",Electricity,"Electricity, diesel, at power plant","Electricity, at grid","Electricity, lignite coal, at power plant","Electricity, natural gas, at power plant","Electricity, nuclear, at power plant","Electricity, residual fuel oil, at power plant",Electricity,"Enzyme, Alpha-amylase, Novozyme Liquozyme","Ethylene, at plant, kg",EG (monomer),ethylene (monomer),"Disposal, solid waste, process, to sanitary landfill",propylene (monomer),PTA (monomer),styrene (monomer),vinyl chloride (monomer),"Fuel grade uranium, at regional storage","Gasoline, combusted in equipment",glucose,HDPE (polymer),Heat,Electricity; onsite boiler; hardwood mill; average,Heat; onsite boiler; hardwood mill; average,plastic packaging waste,"Hydrochloric acid, at plant, kg","Hydrochloric acid, without water, in 30% solution state, at plant","Hydrogen, chlor-alkali average, membrane cell; at plant","Hydrogen, liquid, synthesis gas, at plant",plastic packaging waste,plastic residues,plastic packaging waste,plastic residues,"large, flexible, mono-layer plastic packaging","large, flexible, multi-layer plastic packaging","large, rigid, mono-layer plastic packaging","large, rigid, multi-layer plastic packaging",LDPE (polymer),"Lignite coal, at surface mine","Lignite coal, combusted in industrial boiler","Limestone, at mine","Liquefied petroleum gas, combusted in industrial boiler",plastic packaging waste,"HDPE, sorted","LDPE, sorted","PET, sorted","PP, sorted","PS, sorted","PVC, sorted",plastic packaging waste,"Methanol, at plant, kg","Natural gas, at extraction, Barnett Shale, kg","Natural gas, at extraction, coal bed methane, kg","Natural gas, at extraction, conventional offshore, kg","Natural gas, at extraction, conventional onshore associated, kg","Natural gas, at extraction, conventional onshore, kg","Natural gas, at extraction, Marcellus Shale, kg","Natural gas, at extraction, composite, kg","Natural gas, at processing, conventional, kg","Natural gas, at processing, composite, kg","Natural gas, at processing, shale, kg","Natural gas, combusted in industrial boiler","Natural gas, combusted in industrial boiler, at hydrocracker, for ethylene","Natural gas, combusted in industrial boiler, at hydrocracker, for pyrolysis gas","Natural gas, combusted in industrial equipment, 1.357 m3/kg, 52.13 MJ/kg","Natural gas, production mixture, to energy use","Natural gas, production mixture, to material use","Nitrogen fertilizer, production mix, at plant","Oxygen, liquid, at plant","Paraxylene, at plant, kg","PET, sorted",PET (polymer),"Petroleum refined, to energy use, at refinery","Petroleum refined, to material use, at refinery","Diesel, at refinery","Gasoline, at refinery","Liquefied petroleum gas, at refinery","Petroleum refining coproduct, at refinery","Residual fuel oil, at refinery","Phosphorous fertilizer, production mix, at plant","mixed plastic waste, sorted",fiber-grade PET resin,PP (polymer),PS (polymer),PVC (polymer),"HDPE, sorted","LDPE, sorted","PP, sorted","Pyrolysis gasoline, at plant","mixed plastic waste, sorted","Quicklime, at plant","Residual fuel oil, combusted in industrial boiler","mixed plastic waste, sorted",Bark; hardwood; green; at logyard,Roundwood; hardwood; green; at logyard,Bark; hardwood; green; at mill,Roundwood; hardwood; green; at mill,Sawn lumber; hardwood; planed; kiln dried; at planer mill,Wood fuel; hardwood; kiln-dried; at planer mill,Sawn lumber; hardwood; rough; green; at sawmill,Wood fuel; hardwood; green; at sawmill,Sawn lumber; hardwood; rough; kiln dried; at kiln,small-format plastic packaging,"Soda powder, at plant","Sodium chloride, at plant","Sodium hydroxide; chlor-alkali average, membrane cell; at plant; 50% solution state","Sodium sulfate, at plant","Steam, purchased by containerboard mills","Sulfur, at plant","Sulfuric acid, at plant","Transport, barge, average fuel mix","Transport, barge, diesel powered","Transport, barge, residual fuel oil powered","Transport, combination truck, average fuel mix","Transport, combination truck, diesel powered","Transport, ocean freighter, average fuel mix","Transport, ocean freighter, diesel powered","Transport, ocean freighter, residual fuel oil powered","Transport, pipeline, natural gas","Transport, pipeline, unspecified petroleum products","Transport, single unit truck, diesel powered","Transport, train, diesel powered","Water, at plant","White mineral oil, at plant",Wood fuel; hardwood; gen at lumber mill; combusted in industrial boiler,Wood fuel; hardwood; purchased; combusted in industrial boiler,"Wood fuel, unspecified","Wood waste, unspecified, combusted in industrial boiler","Xylenes, mixed, at plant, kg"
,,,,,,,,,Multi-Output process,FALSE,FALSE,FALSE,FALSE,FALSE,FALSE,FALSE,FALSE,FALSE,FALSE,FALSE,FALSE,FALSE,FALSE,FALSE,FALSE,FALSE,FALSE,FALSE,FALSE,FALSE,FALSE,FALSE,FALSE,FALSE,FALSE,FALSE,FALSE,FALSE,FALSE,FALSE,FALSE,FALSE,FALSE,FALSE,FALSE,FALSE,FALSE,FALSE,FALSE,FALSE,FALSE,FALSE,FALSE,FALSE,FALSE,FALSE,FALSE,FALSE,FALSE,FALSE,FALSE,FALSE,FALSE,FALSE,FALSE,FALSE,FALSE,FALSE,FALSE,FALSE,FALSE,FALSE,FALSE,FALSE,FALSE,FALSE,FALSE,FALSE,FALSE,FALSE,FALSE,FALSE,FALSE,FALSE,FALSE,FALSE,FALSE,FALSE,FALSE,FALSE,FALSE,FALSE,FALSE,FALSE,FALSE,FALSE,FALSE,FALSE,FALSE,FALSE,FALSE,FALSE,FALSE,FALSE,FALSE,FALSE,FALSE,FALSE,FALSE,FALSE,FALSE,FALSE,FALSE,FALSE,FALSE,FALSE,FALSE,FALSE,FALSE,FALSE,FALSE,FALSE,FALSE,FALSE,FALSE,FALSE,FALSE,FALSE,FALSE,FALSE,FALSE,FALSE,FALSE,FALSE,FALSE,FALSE,FALSE,FALSE,FALSE,FALSE,FALSE,FALSE,FALSE,FALSE,FALSE,FALSE,FALSE,FALSE,FALSE,FALSE,FALSE,FALSE,FALSE,FALSE,FALSE,FALSE,FALSE,FALSE,FALSE,FALSE,FALSE,FALSE,FALSE,FALSE,FALSE,FALSE,FALSE,FALSE,FALSE,FALSE,FALSE,FALSE,FALSE,FALSE
,,,,,,,,,UUID,c5cc5576-5d83-45f0-b405-f87acce8f1ff,2c696e73-bd01-3f7b-a6c5-a56dee44d66e,f0950ca3-c22e-49b9-92c7-5672af73d3a1,f0950ca3-c22e-49b9-92c7-5672af73d3a1,ada21fb4-fd3a-4557-9085-9f1495ae8a0c,b397fd68-58b2-3d2c-98ff-982509e10105,db548272-c05b-39c4-926e-ba9e10a29195,c40fe6a2-3398-4fed-b103-5ae1a879695d,3939233b-f3ea-4e07-98e9-e4acba226e25,0649006d-908e-43ab-b4e8-1a5511d39ee7,4cba2656-7694-3b28-9ced-2b49acaa0f7a,735e0b6d-f0cd-42b8-832d-f2b4da336e3f,69e79af4-7cf6-4d32-ae53-8b47b7c3696c,cd67b553-6f45-4a5d-9d52-3a54a186b173,9c35db37-a4fa-489a-859e-8fc770d38f1c,677c6cd3-c6f5-4d68-9cff-2519c04de282,314f7265-ee36-4a5e-9b96-510afeefb5b9,55b4aeab-0576-3a9b-b476-b561197ec3f2,73cd1596-214d-3403-87f1-f69fc3818886,0461a6e2-75a9-36af-8e1a-c9ad9dcdb99d,5cb124d7-f65a-4a9c-b5ed-f55a165714d5,0773ff6c-c673-42ea-babc-870acda1378c,bf2b1e5a-4c92-3974-a2fd-a68898833086,8db1425d-16fb-4003-98f5-1d12d5995feb,8db31b1d-1a59-304c-801f-a3cd8a23ba45,67d71d59-8951-30d6-a5c8-2ddbe3cc92de,43384f42-610d-4292-af22-01167168b9b4,43384f42-610d-4292-af22-01167168b9b4,e04995fa-935b-316c-b112-5b436c8ea3d6,d815ff18-015c-3afb-be18-be03bdf325da,24dcb797-de8a-42f6-a91b-636c1fc73869,24dcb797-de8a-42f6-a91b-636c1fc73869,ed1981de-52d1-366c-b629-4abfe56fffd3,06581fb2-1de0-3e78-8298-f37605dea142,64360b9b-adc0-3154-b391-40f2a09891d4,737e3efb-29d4-3b9d-8d78-6269508c1f59,24dcb797-de8a-42f6-a91b-636c1fc73869,1e68baef-0ed7-37bb-9919-61963f9fbd08,06581fb2-1de0-3e78-8298-f37605dea142,a9f6971f-58a0-30b0-af5c-a36d11fe487f,6cb3e4a8-d7e0-3566-ae66-8022182af846,9e321869-bd1f-3c93-8528-8f198de2fa2b,f7d232cc-70aa-3669-a4e4-d1083d248e69,24dcb797-de8a-42f6-a91b-636c1fc73869,00b5c8b4-682d-3000-a2df-246e333f6344,ec1bf0d1-ff71-4960-aa0f-9fc87c14f972,3939233b-f3ea-4e07-98e9-e4acba226e25,735e0b6d-f0cd-42b8-832d-f2b4da336e3f,b35ecc2a-e40e-32bb-b5a0-5510499d96e2,cd67b553-6f45-4a5d-9d52-3a54a186b173,9c35db37-a4fa-489a-859e-8fc770d38f1c,677c6cd3-c6f5-4d68-9cff-2519c04de282,314f7265-ee36-4a5e-9b96-510afeefb5b9,64e4081e-3bbf-3576-ad3e-d760aa93c187,bc38e349-1ccf-3855-a615-a4f581ab875b,69a0fd9b-1311-4b3e-984f-eff5674984c8,1762d47d-7ef0-4948-916a-3d98670e500d,f6e5887d-644b-44ee-bb9d-5c2fd3d07b4a,97624ce0-6d6a-3376-bfa7-c663b3c7e48d,833c3f72-fbbe-37ea-adf8-929b47ec0255,94e7a444-13ef-4192-bf69-58d845fccf73,c3019f2c-8e84-4f0d-9529-093d2d0ae5e1,1a0678a7-09b1-339d-8f05-259a14f0ab84,c8f87bf1-3603-4867-8d39-a5a0a3b90d0d,3a8cda88-d05e-3a52-82ff-e7aa2caefd0d,94e7a444-13ef-4192-bf69-58d845fccf73,ae9e4d7e-374a-4ba7-b8f1-acd5310008f1,94e7a444-13ef-4192-bf69-58d845fccf73,ae9e4d7e-374a-4ba7-b8f1-acd5310008f1,a09039e3-1a6c-4948-bad9-1edefde4c95b,3c8a91cd-e417-4b22-80e7-a4a27a2563e0,0b0a3464-8782-4ec4-9b55-919bf9e3fe9c,37c95147-2ecf-47aa-9755-1f44bf59b383,d5a62927-c066-455c-ba8f-7526b6f4dc50,90247271-0884-3a25-af40-be7abccb922c,eb6394c1-0d19-3be3-99ab-ec572dec9926,8fe57bef-7504-3270-8dbd-13c0df6ddaac,f77da622-e84d-3639-8917-fcf792aaee13,94e7a444-13ef-4192-bf69-58d845fccf73,2dff218d-5b43-4f6f-8e8f-0aaadd094147,19107eb0-e40d-4906-8832-0ac3af051431,43384f42-610d-4292-af22-01167168b9b4,40ca4afc-7b0b-4135-b4f2-60b07af0eca5,0773ff6c-c673-42ea-babc-870acda1378c,d5d4b71f-138a-42ef-afd0-b4095f47cc39,94e7a444-13ef-4192-bf69-58d845fccf73,ae69b712-d8d2-41ef-a2c1-fb477807f742,43ab3de2-e1a2-4e1a-9613-68e9cbd7aab5,1d674722-7562-4360-8677-93bf36a9a57a,fdfa1dbf-3593-45ff-b0dc-6b3f9d8fa4bd,4398eda3-a9ac-444b-bc90-0e042335fa2f,f1deade7-12b4-45c8-a00f-946a33de6d2c,c3550488-240f-4674-883a-ccf7dbf0ecf3,c1618370-1fc6-45fc-a2cc-2458bc9ddf6a,7445d544-fd68-4cb8-9f75-00428a6b4c98,1a30ee75-215c-47ab-8927-8d15cdf63407,5fad297f-057e-468c-8ae1-bd4ef37514f3,bb1dc159-fe13-3f8e-8197-361e8c770ba3,f179160d-d402-3e37-8d65-93d09f309b99,ea080df3-3823-3f40-89ed-1a45b561230e,9dfc02c2-db7e-3c19-b120-165cab1a22c5,1a34bf95-f897-4af9-b70c-368fce9e41d6,c837f7c6-1f8d-4f62-ade8-4f2a73b41b1a,45f1fd00-2093-3e05-9b41-e942b9e8cec9,055e3f80-da33-3f27-be5f-8d0c59872b9a,44067793-674b-441e-b898-369f32f99ba0,43384f42-610d-4292-af22-01167168b9b4,e55573ab-257e-4a66-af73-b23c4541f9a1,b022d34e-2838-4494-8a84-9b6aa57e575a,3671e08b-0f5d-423e-9805-3cbd3f7b909a,d939590b-a0d7-310c-8952-9921ed64a078,0e44e579-abb0-3c77-af64-c774d65be529,813325ee-9eb4-3825-9280-bee7b1a2e9a8,5f96ad43-abab-3b62-bcf8-c71f9d6c7881,f7c00d19-9601-373a-ba23-593e251b4dee,91feb044-e771-35a3-a81f-ac076c5f9b83,5cb124d7-f65a-4a9c-b5ed-f55a165714d5,fe6d2128-df3b-4ead-84bb-c00e925639d4,55b752aa-45fc-4402-9e34-438ed6204505,3dee674c-2eac-41bb-aedd-4cbcdae254f2,da1b15f3-8ef7-46d5-8797-b02aeda4da12,2dff218d-5b43-4f6f-8e8f-0aaadd094147,19107eb0-e40d-4906-8832-0ac3af051431,40ca4afc-7b0b-4135-b4f2-60b07af0eca5,f3d6e4c6-0323-3d9f-a843-b741d2a9b982,5cb124d7-f65a-4a9c-b5ed-f55a165714d5,c34c4451-297f-3b5c-a15f-2c16cdb52ad9,654a5cf6-185f-3d91-89ef-42442d1825e8,5cb124d7-f65a-4a9c-b5ed-f55a165714d5,a02815b0-8760-3b74-b2b6-ea070b183bbe,86313deb-8b04-3f3e-b983-2b9896a410a6,cbb91e4a-0a0f-3b79-9f6f-d54d716e05ea,6ce8c09f-8a15-3d59-a868-8093b62c4ff4,dc74c71d-c791-3d74-bc0e-8d7519f5d344,23de2b44-d931-39f7-b2c8-d56346794608,6170b901-641c-3088-a8c0-799f9e5f766f,851dabd1-801f-3582-8b29-a3cdd6f65473,f6d2d323-e3d6-3eda-a615-25122849659c,b7f76ddb-f308-4771-82c5-df204a4c5ca6,0f797f27-2207-3571-84cc-0835a943be09,c28f9211-98eb-3509-95cc-771d8fefae51,d12c4a32-12a8-4673-9b14-5d227d2a128e,c5902052-45c9-3f0d-b355-26b464f4e196,caca451d-e5df-4bf4-91f8-2c4be75af6dc,48187a93-fc4e-3c80-98c2-5b0eaafc07d4,f867896e-830f-31f9-975d-465b212262ef,4069483a-8d94-3b6b-81be-5f0a249b74f4,a1242640-8306-366c-9c55-6dfd23e77bd7,c2cc68fe-1754-3468-a973-51c2f5c82fcd,2afb4e2f-b224-3900-956f-03e3f27b276b,628c07ec-0802-39c1-ab88-1c62848ef436,0e63d1db-e383-3c9a-b02a-b5eebafe87d1,6c65fc34-c25e-3eb4-bc92-15bbfc457725,735f1d86-f99a-3ffa-adae-176c545744ab,057a281a-908b-3adf-8f51-ed79fe5c5a9b,acbe5bc4-6afd-31aa-bf3f-4a3fdc491945,bbcd8095-e1d5-3762-aa08-3efc8d1d2ec4,73c7494d-4e93-3769-896b-8bb82f0dfccc,8403a6f4-f5cd-3742-b3c5-c12906b900ff,5b187fd4-1b60-3d48-83b7-bf743efcbd86,75c3bc19-9aeb-30a9-a43f-c862c7354c85,ccf86743-6a0f-39d5-949e-6b2950bae209,ba4fbc4f-a9ab-387c-8bdd-9308dc19f404,1a76ed77-b97d-3070-85b7-b1f41906cece,77abdac3-53ca-4ee2-be95-3b3686c3e556
,,,,,,,,,Infrastructure product,FALSE,FALSE,FALSE,FALSE,FALSE,FALSE,FALSE,FALSE,FALSE,FALSE,FALSE,FALSE,FALSE,FALSE,FALSE,FALSE,FALSE,FALSE,FALSE,FALSE,FALSE,FALSE,FALSE,FALSE,FALSE,FALSE,FALSE,FALSE,FALSE,FALSE,FALSE,FALSE,FALSE,FALSE,FALSE,FALSE,FALSE,FALSE,FALSE,FALSE,FALSE,FALSE,FALSE,FALSE,FALSE,FALSE,FALSE,FALSE,FALSE,FALSE,FALSE,FALSE,FALSE,FALSE,FALSE,FALSE,FALSE,FALSE,FALSE,FALSE,FALSE,FALSE,FALSE,FALSE,FALSE,FALSE,FALSE,FALSE,FALSE,FALSE,FALSE,FALSE,FALSE,FALSE,FALSE,FALSE,FALSE,FALSE,FALSE,FALSE,FALSE,FALSE,FALSE,FALSE,FALSE,FALSE,FALSE,FALSE,FALSE,FALSE,FALSE,FALSE,FALSE,FALSE,FALSE,FALSE,FALSE,FALSE,FALSE,FALSE,FALSE,FALSE,FALSE,FALSE,FALSE,FALSE,FALSE,FALSE,FALSE,FALSE,FALSE,FALSE,FALSE,FALSE,FALSE,FALSE,FALSE,FALSE,FALSE,FALSE,FALSE,FALSE,FALSE,FALSE,FALSE,FALSE,FALSE,FALSE,FALSE,FALSE,FALSE,FALSE,FALSE,FALSE,FALSE,FALSE,FALSE,FALSE,FALSE,FALSE,FALSE,FALSE,FALSE,FALSE,FALSE,FALSE,FALSE,FALSE,FALSE,FALSE,FALSE,FALSE,FALSE,FALSE,FALSE,FALSE,FALSE,FALSE,FALSE,FALSE,FALSE,FALSE,FALSE,FALSE,FALSE
,,,,,,,,,Process location,,RNA,,,RNA,US,RNA,,,,,,,,,,,RNA,RNA,RNA,,,US,RNA,RNA,RNA,,,RNA,RNA,,,PY,RNA,RNA,RNA,,RNA,US,RNA,RNA,RNA,RNA,,RER,US,,,,,,,,RNA,RNA,,,,US,US,,RNA,RNA,RNA,RNA,,,,,,,,,,RNA,RNA,RNA,RNA,,,,,,,,,RNA,US,US,US,US,US,US,US,US,US,US,RNA,RNA,RNA,RNA,,,RNA,RNA,RNA,,,,,RNA,RNA,RNA,RNA,RNA,RNA,,,,,,,,,RNA,,RNA,RNA,,US,US,US,US,US,US,US,US,US,,RNA,RNA,RNA,,RNA,RNA,RNA,RNA,RNA,RNA,RNA,RNA,US,US,US,RNA,RNA,RNA,RNA,,RNA,US,US,RNA,RNA,RNA
,,,,,,,,,Process category,Z: Plastic Packaging,31-33: Manufacturing,A5: EoL,A5: EoL,42: Wholesale Trade,"11: Agriculture, Forestry, Fishing and Hunting",31-33: Manufacturing,Z: Plastic Packaging,Z: Plastic Packaging,Z: Plastic Packaging,Z: Plastic Packaging,Z: Plastic Packaging,Z: Plastic Packaging,Z: Plastic Packaging,Z: Plastic Packaging,Z: Plastic Packaging,Z: Plastic Packaging,"21: Mining, Quarrying, and Oil and Gas Extraction",22: Utilities,31-33: Manufacturing,A5: EoL,A5: EoL,31-33: Manufacturing,31-33: Manufacturing,"11: Agriculture, Forestry, Fishing and Hunting","21: Mining, Quarrying, and Oil and Gas Extraction",A5: EoL,A5: EoL,22: Utilities,22: Utilities,22: Utilities,Z: Plastic Packaging,22: Utilities,22: Utilities,22: Utilities,22: Utilities,22: Utilities,22: Utilities,22: Utilities,22: Utilities,22: Utilities,22: Utilities,22: Utilities,22: Utilities,31-33: Manufacturing,31-33: Manufacturing,Z: Plastic Packaging,Z: Plastic Packaging,Z: Plastic Packaging,Z: Plastic Packaging,Z: Plastic Packaging,Z: Plastic Packaging,Z: Plastic Packaging,31-33: Manufacturing,22: Utilities,Z: Plastic Packaging,Z: Plastic Packaging,Z: Plastic Packaging,22: Utilities,22: Utilities,Z: Plastic Packaging,31-33: Manufacturing,31-33: Manufacturing,31-33: Manufacturing,31-33: Manufacturing,A5: EoL,A5: EoL,A5: EoL,A5: EoL,Z: Plastic Packaging,Z: Plastic Packaging,Z: Plastic Packaging,Z: Plastic Packaging,Z: Plastic Packaging,"21: Mining, Quarrying, and Oil and Gas Extraction",22: Utilities,"21: Mining, Quarrying, and Oil and Gas Extraction",22: Utilities,Z: Plastic Packaging,A5: EoL,A5: EoL,A5: EoL,A5: EoL,A5: EoL,A5: EoL,Z: Plastic Packaging,31-33: Manufacturing,"21: Mining, Quarrying, and Oil and Gas Extraction","21: Mining, Quarrying, and Oil and Gas Extraction","21: Mining, Quarrying, and Oil and Gas Extraction","21: Mining, Quarrying, and Oil and Gas Extraction","21: Mining, Quarrying, and Oil and Gas Extraction","21: Mining, Quarrying, and Oil and Gas Extraction","21: Mining, Quarrying, and Oil and Gas Extraction","21: Mining, Quarrying, and Oil and Gas Extraction","21: Mining, Quarrying, and Oil and Gas Extraction","21: Mining, Quarrying, and Oil and Gas Extraction",22: Utilities,22: Utilities,22: Utilities,22: Utilities,"21: Mining, Quarrying, and Oil and Gas Extraction","21: Mining, Quarrying, and Oil and Gas Extraction",31-33: Manufacturing,31-33: Manufacturing,31-33: Manufacturing,A5: EoL,Z: Plastic Packaging,31-33: Manufacturing,31-33: Manufacturing,31-33: Manufacturing,31-33: Manufacturing,31-33: Manufacturing,31-33: Manufacturing,31-33: Manufacturing,31-33: Manufacturing,A5: EoL,Z: Plastic Packaging,Z: Plastic Packaging,Z: Plastic Packaging,Z: Plastic Packaging,A5: EoL,A5: EoL,A5: EoL,31-33: Manufacturing,A5: EoL,31-33: Manufacturing,22: Utilities,A5: EoL,"11: Agriculture, Forestry, Fishing and Hunting","11: Agriculture, Forestry, Fishing and Hunting","11: Agriculture, Forestry, Fishing and Hunting","11: Agriculture, Forestry, Fishing and Hunting",31-33: Manufacturing,31-33: Manufacturing,31-33: Manufacturing,31-33: Manufacturing,31-33: Manufacturing,Z: Plastic Packaging,"21: Mining, Quarrying, and Oil and Gas Extraction","21: Mining, Quarrying, and Oil and Gas Extraction",31-33: Manufacturing,Z: Plastic Packaging,22: Utilities,"21: Mining, Quarrying, and Oil and Gas Extraction",31-33: Manufacturing,48-49: Transportation and Warehousing,48-49: Transportation and Warehousing,48-49: Transportation and Warehousing,48-49: Transportation and Warehousing,48-49: Transportation and Warehousing,48-49: Transportation and Warehousing,48-49: Transportation and Warehousing,48-49: Transportation and Warehousing,48-49: Transportation and Warehousing,48-49: Transportation and Warehousing,48-49: Transportation and Warehousing,48-49: Transportation and Warehousing,Z: Plastic Packaging,31-33: Manufacturing,22: Utilities,22: Utilities,22: Utilities,22: Utilities,31-33: Manufacturing
,,,,,,,,,Process sub category,A3: Use & Collection,3251: Basic Chemical Manufacturing,advanced recycling,advanced recycling,4247: Petroleum and Petroleum Products Merchant Wholesalers,1133: Logging,3251: Basic Chemical Manufacturing,Other,A0: Monomer Production,Other,Other,A0: Monomer Production,Other,A0: Monomer Production,A0: Monomer Production,A0: Monomer Production,A0: Monomer Production,2121: Coal Mining,"2213: Water, Sewage and Other Systems",3251: Basic Chemical Manufacturing,Energy recovery,Chemical recycling,3251: Basic Chemical Manufacturing,3251: Basic Chemical Manufacturing,1111: Oilseed and Grain Farming,2111: Oil and Gas Extraction,Chemical recycling,Chemical recycling,"2213: Water, Sewage and Other Systems","2213: Water, Sewage and Other Systems",2211-modified,Other,"2211: Electric Power Generation, Transmission and Distribution","2211: Electric Power Generation, Transmission and Distribution","2211: Electric Power Generation, Transmission and Distribution","2211: Electric Power Generation, Transmission and Distribution",2211-modified,"2211: Electric Power Generation, Transmission and Distribution","2211: Electric Power Generation, Transmission and Distribution","2211: Electric Power Generation, Transmission and Distribution","2211: Electric Power Generation, Transmission and Distribution","2211: Electric Power Generation, Transmission and Distribution","2211: Electric Power Generation, Transmission and Distribution",2211-modified,3251: Basic Chemical Manufacturing,3251: Basic Chemical Manufacturing,A0: Monomer Production,A0: Monomer Production,A0: Monomer Production,A0: Monomer Production,A0: Monomer Production,A0: Monomer Production,A0: Monomer Production,3251: Basic Chemical Manufacturing,"2213: Water, Sewage and Other Systems",Other,A1: Polymer Production,Other,"2213: Water, Sewage and Other Systems","2213: Water, Sewage and Other Systems",A4: Sorting,3251: Basic Chemical Manufacturing,3251: Basic Chemical Manufacturing,3251: Basic Chemical Manufacturing,3251: Basic Chemical Manufacturing,Energy recovery,Energy recovery,Landfill,Landfill,A2: Plastic Packaging Production,A2: Plastic Packaging Production,A2: Plastic Packaging Production,A2: Plastic Packaging Production,A1: Polymer Production,2121: Coal Mining,"2213: Water, Sewage and Other Systems",2123: Nonmetallic Mineral Mining and Quarrying,"2213: Water, Sewage and Other Systems",A4: Sorting,mechanical recycling,mechanical recycling,mechanical recycling,mechanical recycling,mechanical recycling,mechanical recycling,A4: Sorting,3251: Basic Chemical Manufacturing,2111: Oil and Gas Extraction,2111: Oil and Gas Extraction,2111: Oil and Gas Extraction,2111: Oil and Gas Extraction,2111: Oil and Gas Extraction,2111: Oil and Gas Extraction,2111: Oil and Gas Extraction,2111: Oil and Gas Extraction,2111: Oil and Gas Extraction,2111: Oil and Gas Extraction,"2213: Water, Sewage and Other Systems","2213: Water, Sewage and Other Systems","2213: Water, Sewage and Other Systems","2213: Water, Sewage and Other Systems",2111: Oil and Gas Extraction,2111: Oil and Gas Extraction,"3253: Pesticide, Fertilizer, and Other Agricultural Chemical Manufacturing",3251: Basic Chemical Manufacturing,3251: Basic Chemical Manufacturing,Downcycling,A1: Polymer Production,3241: Petroleum and Coal Products Manufacturing,3241: Petroleum and Coal Products Manufacturing,3241: Petroleum and Coal Products Manufacturing,3241: Petroleum and Coal Products Manufacturing,3241: Petroleum and Coal Products Manufacturing,3241: Petroleum and Coal Products Manufacturing,3241: Petroleum and Coal Products Manufacturing,"3253: Pesticide, Fertilizer, and Other Agricultural Chemical Manufacturing",Downcycling,Other,A1: Polymer Production,A1: Polymer Production,A1: Polymer Production,Chemical recycling,Chemical recycling,Chemical recycling,3251: Basic Chemical Manufacturing,Chemical recycling,3274: Lime and Gypsum Product Manufacturing,"2213: Water, Sewage and Other Systems",Downcycling,1133: Logging,1133: Logging,1133: Logging,1133: Logging,3211: Sawmills and Wood Preservation,3211: Sawmills and Wood Preservation,3211: Sawmills and Wood Preservation,3211: Sawmills and Wood Preservation,3211: Sawmills and Wood Preservation,A2: Plastic Packaging Production,2123: Nonmetallic Mineral Mining and Quarrying,2123: Nonmetallic Mineral Mining and Quarrying,3251: Basic Chemical Manufacturing,Other,"2213: Water, Sewage and Other Systems",2111: Oil and Gas Extraction,3251: Basic Chemical Manufacturing,4832: Inland Water Transportation,4832: Inland Water Transportation,4832: Inland Water Transportation,4841: General Freight Trucking,4841: General Freight Trucking,"4831: Deep Sea, Coastal, and Great Lakes Water Transportation","4831: Deep Sea, Coastal, and Great Lakes Water Transportation","4831: Deep Sea, Coastal, and Great Lakes Water Transportation",4862: Pipeline Transportation of Natural Gas,4869: Other Pipeline Transportation,4841: General Freight Trucking,4821: Rail Transportation,Other,3241: Petroleum and Coal Products Manufacturing,"2213: Water, Sewage and Other Systems","2213: Water, Sewage and Other Systems","2213: Water, Sewage and Other Systems","2213: Water, Sewage and Other Systems",3251: Basic Chemical Manufacturing
,,,,,,,,,Product/Service unit,,,,,,,,,,,,,,,,,,,,,,,,,,,,,,,,,,,,,,,,,,,,,,,,,,,,,,,,,,,,,,,,,,,,,,,,,,,,,,,,,,,,,,,,,,,,,,,,,,,,,,,,,,,,,,,,,,,,,,,,,,,,,,,,,,,,,,,,,,,,,,,,,,,,,,,,,,,,,,,,,,,,,
Process name,Product name,Multi-Output process,UUID,Infrastructure product,Process location,Process category,Process sub category,Product/Service unit,,,,,,,,,,,,,,,,,,,,,,,,,,,,,,,,,,,,,,,,,,,,,,,,,,,,,,,,,,,,,,,,,,,,,,,,,,,,,,,,,,,,,,,,,,,,,,,,,,,,,,,,,,,,,,,,,,,,,,,,,,,,,,,,,,,,,,,,,,,,,,,,,,,,,,,,,,,,,,,,,,,,,,
use & collection,plastic packaging consumption,FALSE,c5cc5576-5d83-45f0-b405-f87acce8f1ff,FALSE,,Z: Plastic Packaging,A3: Use & Collection,,,1,,,,,,,,,,,,,,,,,,,,,,,,,,,,,,,,,,,,,,,,,,,,,,,,,,,,,,,,,,,,,,,,,,,,,,,,,,,,,,,,,,,,,,,,,,,,,,,,,,,,,,,,,,,,,,,,,,,,,,,,,,,,,,,,,,,,,,,,,,,,,,,,,,,,,,,,,,,,,,,,,,,,
"Acetic acid, at plant","Acetic acid, at plant",FALSE,2c696e73-bd01-3f7b-a6c5-a56dee44d66e,FALSE,RNA,31-33: Manufacturing,3251: Basic Chemical Manufacturing,,,,1,,,,,,,,,,,,,-0.05,,,,,,,,,,,,,,,,,,,,,,,,,,,,,,,,,,,,,,,,,,,,,,,,,,,,,,,,,,,,,,,,,,,,,,,,,,,,,,,,,,,,,,,,,,,,,,,,,,,,,,,,,,,,,,,,,,,,,,,,,,,,,,,,,,,,,,,,,,,,,,,,,,,,,,
advanced recycling alternatives,"multi-layer plastic packaging, sorted",FALSE,f0950ca3-c22e-49b9-92c7-5672af73d3a1,FALSE,,A5: EoL,advanced recycling,,,,,-1000,-100,,,,,,,,,,,,,,,,,,,,,,,,,,,,,,,,,,,,,,,,,,,,,,,,,,,,,,,,,0.1176,,,,,,,,,,,,,,,,,,,,,,,,,,,,,,,,,,,,,,,,,,,,,,,,,,,,,,,,,,,,,,,,,,,,,,,,,,,,,,,,,,,,,,,,,,,,,,,,,,,,,,,,
"Asphalt binder, 3.5% styrene-butadiene-styrene (SBS), consumption mix, at terminal, from crude oil, 3.5% styrene-butadiene-styrene",Asphalt binder,FALSE,ada21fb4-fd3a-4557-9085-9f1495ae8a0c,FALSE,RNA,42: Wholesale Trade,4247: Petroleum and Petroleum Products Merchant Wholesalers,,,,,,,1,,,,,,,,,,,,,,,,,,,,,,,,,,,,,,,,,,,,,,,,,,,,,,,,,,,,,,,,,,,,,,,,,,,,,,,,,,,,,,,,,,,,,,,,,,,,,,,,,,,,,,,,,,,,,,,,,,,,,,,,,,,,1,,,,,,,,,,,,,,,,,,,,,,,,,,,,,,,,,,,,
"Bark, hardwood, average, at forest road, NE-NC",Bark; hardwood; average; at forest road,FALSE,b397fd68-58b2-3d2c-98ff-982509e10105,FALSE,US,"11: Agriculture, Forestry, Fishing and Hunting",1133: Logging,,,,,,,,1,,,,,,,,,,,,,,,,,,,,,,,,,,,,,,,,,,,,,,,,,,,,,,,,,,,,,,,,,,,,,,,,,,,,,,,,,,,,,,,,,,,,,,,,,,,,,,,,,,,,,,,,,,,,,,,,,,,,,,,,,,,,,,-0.8424,-20.7576,,,,,,,,,,,,,,,,,,,,,,,,,,,,,,,,
Benzene production alternatives,"Benzene, at plant",FALSE,db548272-c05b-39c4-926e-ba9e10a29195,FALSE,RNA,31-33: Manufacturing,3251: Basic Chemical Manufacturing,,,,,,,,,1,,,,,,,,,,,,,,,,,,,,,,,,,,,,,,,,,,,,,,,,,,,,,-0.781,,,,,,,,,,,,,,,,,,,,,,,,,,,,,,,,,,,,,,,,,,,,,,,,,,,,,,,,,,,,,,,,,,,,,,,,,,,,,,,,,,,,,,,,,,,,,,,,,,,,,,,,,,,,,,,,,
"bio-cyclohexa-2,5-diene-1,4-dicarboxylate production","bio-cyclohexa-2,5-diene-1,4-dicarboxylate",FALSE,c40fe6a2-3398-4fed-b103-5ae1a879695d,FALSE,,Z: Plastic Packaging,Other,,,,,,,,,,1,,,,,,,-1.012,,,,,,,,,,,,,,,,,,,,,,,,,,,,,,,,,,,,,,,,,,,,,,,,,,,,,,,,,,,,,,,,,,,,,,,,,,,,,,,,,,,,,,,,,,,,,,,,,,,,,,,,,,,,,,,,,,,,,,,,,,,,,,,,,,,,,,,,,,,,,,,,,,,,,,
EG production (monomer) alternatives,EG (monomer),FALSE,3939233b-f3ea-4e07-98e9-e4acba226e25,FALSE,,Z: Plastic Packaging,A0: Monomer Production,,,,,,,,,,,1,,,,,,,,,,,,,,,,,,138,0.20086,,,,,,,,,,,,,,,,,,,1,,,,,,,,,,,,,,,,,,,,,,,,,,,,,,,,,,,,,,,,,,,,,,,,,,,,,,,,,,,,,-0.3452,,,,,,,,,,,,,,,,,,,,,,,,,,,,,,,,,,,,,,,,,,,,,,,,,,,,,,,,,
bio-ethanol production from corn,"ethanol, from fermentation",FALSE,0649006d-908e-43ab-b4e8-1a5511d39ee7,FALSE,,Z: Plastic Packaging,Other,,,,,,,,,,,-0.538,1,-0.825,-1.7,,-172.949,,,,,,,,,,,,,,,,,,,,,,,,,,,,,,,,,,,,,,,,,,,,,,,,,,,,,,,,,,,,,,,,,,,,,,,,,,,,,,,,,,,,,,,,,,,,,,,,,,,,,,,,,,,,,,,,,,,,,,,,,,,,,,,,,,,,,,,,,,,,,,,,,,,,,,,
bio-ethylene oxide production,"Ethylene oxide, at plant",FALSE,4cba2656-7694-3b28-9ced-2b49acaa0f7a,FALSE,,Z: Plastic Packaging,Other,,,,,,,,,,,-0.05146,,1,,,,,,,,,,,,,,,,,,,,,,,,,,,,,,,,,,,,,,,,,,,,,,,,,,,,,,,,,,,,,,,,,,,,,,,,,,,,,,,,,,,,,,,,,,,,,,,,,,,,,,,,,,,,,,,,,,,,,,,,,,,,,,,,,,,,,,,,,,,,,,,,,,,,,,,,,,
ethylene production (monomer) alternatives,ethylene (monomer),FALSE,735e0b6d-f0cd-42b8-832d-f2b4da336e3f,FALSE,,Z: Plastic Packaging,A0: Monomer Production,,,,,,,,,,,,,,1,,,,,-0.49,,,,,,,,,,,,,,,,,,,,,,,,,,,,,,,1,,,,,,,,,-0.983,,,,,,,,,,,,,,,,,-1.003,,,,,,,,,,,,,,,,,,,,,,,,,,,,,,,,,,,,,,,,,,,,,,,,0.75,0.75,,,,,,,,,,,,,,,,,,,,,,,,,,,,,,,,,,,,,,,,,,
bio-muconic acid production,bio-muconic acid,FALSE,69e79af4-7cf6-4d32-ae53-8b47b7c3696c,FALSE,,Z: Plastic Packaging,Other,,,,,,,,,,-0.845,,,,,1,,,,,,,,,,,,,,,,,,,,,,,,,,,,,,,,,,,,,,,,,,,,,,,,,,,,,,,,,,,,,,,,,,,,,,,,,,,,,,,,,,,,,,,,,,,,,,,,,,,,,,,,,,,,,,,,,,,,,,,,,,,,,,,,,,,,,,,,,,,,,,,,,,,,,,,,
propylene production (monomer) alternatives,propylene (monomer),FALSE,cd67b553-6f45-4a5d-9d52-3a54a186b173,FALSE,,Z: Plastic Packaging,A0: Monomer Production,,,,,,,,,,,,,,,,63.4,,,,,,,,,,,,,,,,,,,,,,,,,,,,,,,,,,,,1,,,,,,,,,,,,,,,,,,,,,,,,,,,,,,,,,,,,,,,,,,,,,,,,,,,,,,,,,,,,,,,,,,,,,-1.014,,,,,0.75,,,,,,,,,,,,,,,,,,,,,,,,,,,,,,,,,,,,,,,,,
PTA production (monomer) alternatives,PTA (monomer),FALSE,9c35db37-a4fa-489a-859e-8fc770d38f1c,FALSE,,Z: Plastic Packaging,A0: Monomer Production,,,,,,,,,,,,,,,,,1,,,,,,,,,,,,665,0.62914,,,,,,,,,,,,,,,,,,,,,,,1,,,,,,,,,,,,,,,,,,,,,,,,,,,,,,,,,,,,,,,,,,,,,,,,,,,,,,,,,-0.8599,,,,,,,,,,,,,,,,,,,,,,,,,,,,,,,,,,,,,,,,,,,,,,,,,,,,,,,,,
styrene production (monomer) alternatives,styrene (monomer),FALSE,677c6cd3-c6f5-4d68-9cff-2519c04de282,FALSE,,Z: Plastic Packaging,A0: Monomer Production,,,,,,,,,,,,,,,,,,1,,,,,,0.75,,,,,,,,,,,,,,,,,,,,,,,,,,,,,,1,,,,,,,,,,,,,,,,,,,,,,,,,,,,,,,,,,,,,,,,,,,,,,,,,,,,,,,,,,,,,,,,,,,,-0.986,,,,,,,,,,,,,,,,,,,,,,,,,,,,,,,,,,,,,,,,,,,,,
vinyl chloride production (monomer) alternatives,vinyl chloride (monomer),FALSE,314f7265-ee36-4a5e-9b96-510afeefb5b9,FALSE,,Z: Plastic Packaging,A0: Monomer Production,,,,,,,,,,,,,,,,,,,1,,,,,,,,,,,,,,,,,,,,,,,,,,,,,,,,,,,,1,,,,,,,,,,,,,,,,,,,,,,,,,,,,,,,,,,,,,,,,,,,,,,,,,,,,,,,,,,,,,,,,,,,,-0.997,,,,,,,,,,,,,,,,,,,,,,,,,,,,,,,,,,,,,,,,,,,,
"Bituminous coal, at mine","Bituminous coal, at mine",FALSE,55b4aeab-0576-3a9b-b476-b561197ec3f2,FALSE,RNA,"21: Mining, Quarrying, and Oil and Gas Extraction",2121: Coal Mining,,,,,,,,,,,,,,,,,,,,1,-1,,,,,,,,,,,,,,,,,-0.44186,,,,,,,,,,,,,,,,,,,,,,,,,,,,,,,,,,,,,,,,,,,,,,,,,,,,,,,,,,,,,,,,,,,,,,,,,,,,,,,,,,,,,,,,,,,,,,,,,,,,,,,,,,,,,,,,,,,,,,,,,,,,,,,,,
"Bituminous coal, combusted in industrial boiler","Bituminous coal, combusted in industrial boiler",FALSE,73cd1596-214d-3403-87f1-f69fc3818886,FALSE,RNA,22: Utilities,"2213: Water, Sewage and Other Systems",,,,,,,,,,,,,,,,,,,,-0.00043,1,,,,-0.02542,,,,,,,,,,,,,,,,,,,,,,,,,,,,,,,-22.7,,,,,,,,,,,,,,,,,,,,,,,-3.60E-05,,,,,,,,,,,,,,,,,,,,,,,,,,,-0.0081,,,,-0.00087,,,,,,,,,,,,,,,,,,,-0.172,,,,,,,,,,,,,-0.108,-0.0117,,,-0.0274,,,,,,,,,,,,,,,,,,,,,
"Carbon monoxide, at plant","Carbon monoxide, at plant",FALSE,0461a6e2-75a9-36af-8e1a-c9ad9dcdb99d,FALSE,RNA,31-33: Manufacturing,3251: Basic Chemical Manufacturing,,,,,,,,,,,,,,,,,,,,,,1,,,,,,,,,,,,,,,,,,,,,,,,,,,,,,,-0.015,,,,,,,,,,,,,,,,,,,,,,,,,,,,,,,,,,,,,,,,,,,,,,,,,,,,,,,,,,,,,,,,,,,,,,,,,,,,,,,,,,,,,,,,,,,,,,,,,,,,,,,,,,,,,,,,,,
"mixed plastic packaging, sorted alternatives","mixed plastic waste, sorted",FALSE,5cb124d7-f65a-4a9c-b5ed-f55a165714d5,FALSE,,A5: EoL,Energy recovery,,,,,,,,,,,,,,,,,,,,,,,-1,,,,,,,,,,,,,,,,,,,,,,,,,,,,,,,,,,,,,,,,0,,,,,,,,,,,,,,,,,,0.7375106087,,,,,,,0.375,,,,,,,,,,,,,,,,,,,,,,,,,,,,,,,-1,,,,,,,,,-1,,,-1,,,,,,,,,,,,,,,,,,,,,,,,,,,,,,,,,,,,
PS sorted alternatives,"PS, sorted",FALSE,0773ff6c-c673-42ea-babc-870acda1378c,FALSE,,A5: EoL,Chemical recycling,,,,,,,,,,,,,,,,,,,,,,,,-1,,,,,,,,,,,,,,,,,,,,,,,,,,,,,,,,,,,,,,,0.04115345491,,,,,,,,,,,,,,,,,,,,,,,-1,,0.02445243905,,,,,,,,,,,,,,,,,,,,,,,,,,,,,,,,,,,,,,,,,,,,,,,,,,,,,,,,,,,,,,,,,,,,,,,,,,,,,,,
"Chlorine, production mix, at plant","Sodium hydroxide, production mix, at plant",FALSE,bf2b1e5a-4c92-3974-a2fd-a68898833086,FALSE,US,31-33: Manufacturing,3251: Basic Chemical Manufacturing,,,,,,,,,,,,,,,-0.576,,-0.00145,,,,,,,,0.52,,,,-9.5,,,,,,,,,,,,,,,,,,,,,,,,,,,,,,,,,,,,,,,,,,,,,,,,,,,,,,,-0.03401,,,,,,,,,,,,,,,,,,,,,,,,,-10.5,,,,,,,,,,,,,,,,,,,,,,,,,,,,,,,,,,,,,,,,,,,,,,,,,,,,,,,,,,
"Chlorine; chlor-alkali average, membrane cell; at plant","Chlorine; chlor-alkali average, membrane cell; at plant",FALSE,8db1425d-16fb-4003-98f5-1d12d5995feb,FALSE,RNA,31-33: Manufacturing,3251: Basic Chemical Manufacturing,,,,,,,,,,,,,,,,,,,-0.6,,,,,,,1,,,,,,,,,,,,,,,,,,,,,,,,,,,,,-0.6,,,,,,,,,-1.05,,,,,,,,,,,,,,,,,,,,,,,,,,,,,,,,,,,,,,,,,,,,,,,,,,,,,,,,,,,,,,,,,,,,,,,,,,,,,,,,,,,,,,,,,,,,,,,,,,,,,,,
"Corn, whole plant, at field","Corn, at field",FALSE,8db31b1d-1a59-304c-801f-a3cd8a23ba45,FALSE,RNA,"11: Agriculture, Forestry, Fishing and Hunting",1111: Oilseed and Grain Farming,,,,,,,,,,,,-3.226,,,,,,,,,,,,,,,1,,,,,,,,,,,,,,,,,,,,,,,,,,,,,,,-110,,,,,,,,,,,,,,,,,,,,,,,,,,,,,,,,,,,,,,,,,,,,,,,,,,,,,,,,,,,,,,,,,,,,,,,,,,,,,,,,,,,,,,,,,,,,,,,,,,,,,,,,,,,,,
"Crude oil, extracted","Crude oil, extracted",FALSE,67d71d59-8951-30d6-a5c8-2ddbe3cc92de,FALSE,RNA,"21: Mining, Quarrying, and Oil and Gas Extraction",2111: Oil and Gas Extraction,,,,,,,,,,,,,,,,,,,,,,,,,,,,1,,,,,,,,,,,,,,,,,,,,,,,,,,,,,,,,,,,,,,,,,,,,,,,,,,,,,,,,,,,,,,,,,,,,,,,,,,,,,,,,,,,,,-0.22284,-0.42909,-0.02709,-0.05245,-0.0498,,,,,,,,,,,,,,,,,,,,,,,,,,,,,,,,,,,,,,,,,,,,,,,,,,
PET sorted alternatives,"PET, sorted",FALSE,43384f42-610d-4292-af22-01167168b9b4,FALSE,,A5: EoL,Chemical recycling,,,,,,,,,,,,,,,,,,,,,,,,,,,,,-1490,-1,,,,,,,,,,,,,,,,,,,,,,,,,,,,,,,,,0.1824538375,,,,,,,,,,,,,,,,,,0.1084098856,,,-1,,,,0.1062416879,,,,,,,,,,,,,,,,,,,,,-1299,,,,,,,,,,,,,,,,,,,,,,,,,,,,,,,,,,,,,,,,,,,,,,,,,,,,,,,,,,
"Diesel, combusted in industrial boiler","Diesel, combusted in industrial boiler",FALSE,e04995fa-935b-316c-b112-5b436c8ea3d6,FALSE,RNA,22: Utilities,"2213: Water, Sewage and Other Systems",,,,,,,,,,,,,,,,,,,,-8.80E-06,,,,,,,,,,,0.001,,,,,,,,,,,,,,,,,,,,,,,,,-0.0206,,,,,,,,,,,,,,,,,,,,,-1.50E-05,,-5.80E-07,,,,,,,,,,,,,,,,,,,,,,,,,,,,,,,,,,,,,,,,,,,-3.40E-09,,,,,,,-9.50E-07,,,,,,,,,,,,,,,,,,,,,,,,,,,,,,,,,,,,,,
"Diesel, combusted in industrial equipment","Diesel, combusted in industrial equipment",FALSE,d815ff18-015c-3afb-be18-be03bdf325da,FALSE,RNA,22: Utilities,"2213: Water, Sewage and Other Systems",,,,,,,,,-3.30E-06,,,,,,,,,,,,,,,,,,-6.90E-06,-1.30E-06,,,,0.001,,,,,,,,,,,,,,,,,,,,,,,,,,,,,,,-0.00001,,,,,,,,,,,,,,,,,,-0.00001,,,,,,,-0.00001,,,,,,,,,-3.30E-07,,-3.30E-07,,,,,,,,,,,-2.50E-08,,,,,,,,,,,,,,,,,-1.60E-08,,,,,-2.70E-05,-0.00067,,,-0.00066,-0.00012,-6.30E-07,-8.10E-08,-0.00085,,-6.70E-08,-1.00E-05,,,,-1.60E-06,,,,,,,,,,,,,,,,,,,,
"Electrcity, solar photovoltatic",Electricity,FALSE,24dcb797-de8a-42f6-a91b-636c1fc73869,FALSE,,22: Utilities,2211-modified,,,,,,,,,,,,,,,,,,,,,,,,,,,,,,,,,3.6,,,,,,,,,,,,,-3.528,,,,,,,,,,,,,,,,,,,,,,,,,,,,,,,,,,,,,,,,,,,,,,,,,,,,,,,,,,,,,,,,,,,,,,,,,,,,,,,,,,,,,,,,,,,,,,,,,,,,,,,,,,,,,,,,,,,,,,,,,
Electricity,Electricity,FALSE,24dcb797-de8a-42f6-a91b-636c1fc73869,FALSE,,Z: Plastic Packaging,Other,,,,,-23192.5,-64.8,,,,-0.1476,-1.1988,-0.5148,-1.188,-1.8,,-183.122,-1.99793,-4.13384,,,,,,,,,,,-4926.85,,,,,1,,,,,,,,,,,,,,,,,,,,,,,,-7668,,,,,-0.0272582944,,,,,,,,,,,,,,,,,,-0.0033732,-2.32765,-3.28696,-2.04082,-2.32765,-2.32765,-804.636,-0.01268731101,,,,,,,,,,,,,,,,,,,,,-4397,,,,,,,,,,,,,,,,,,,,,,,,,,,,,,,,,,,,,,,,,,,,,,,,,,,,,,,,,,
"Electricity, at cogen, for natural gas turbine","Electricity, at cogen, for natural gas turbine",FALSE,ed1981de-52d1-366c-b629-4abfe56fffd3,FALSE,PY,22: Utilities,"2211: Electric Power Generation, Transmission and Distribution",,,,-0.00738108,,,,,-0.03452,,,,,,,,,,-0.936,,,,,,-1.31882,-2.2392,,,,,,,,,3.6,,,,,,,,,,,,,-0.0972,-0.3168,-0.0972,-0.0828,-0.0828,-0.00043,,-0.936,,,,-0.2952,,,,,-0.234,,-0.1332,,,,,,,,,,-0.972,,,,,,,,,,,,,,,,,,,,,,,,,,,,,,,,-0.396,,,,,,,,,,,,,-0.504,,-0.2124,,,,-0.15236,,,,,,,,,,,,,,,,,-2.2068,,,,,,,,,,,,,,,,,,,,,,,
"Electricity, at Grid, US, 2010","Electricity, at grid",FALSE,06581fb2-1de0-3e78-8298-f37605dea142,FALSE,RNA,22: Utilities,"2211: Electric Power Generation, Transmission and Distribution",,,,-0.0785736,,,,,-0.0573,,,,,,,,,,-0.1944,-0.13932,,,,,-2.2644,-2.1204,-0.04392,-0.14043,,,,,,,,3.6,,,,,,,,,,,,-0.1008,-0.54,-0.1008,-0.1116,-0.1116,-1.44,-0.5976,-0.1944,-14688,,,-1.116,,,,,-0.6336,,-4.7412,-1.1376,,,,,,,,,-2.448,-0.19188,,-0.01523,,,,,,,,,,-0.9072,-0.16632,,,,,-0.16632,,-0.03848,,-0.0385,,,,,,,-0.18252,-0.49683,-0.468,,-0.828,,,-0.11272,-0.21705,-0.0137,-0.02653,-0.02519,-0.576,,,-0.576,-0.4536,-0.72,,,,-0.41749,,-0.24408,,,,,,,,,,,,,-0.32619,-0.11984,-2.16,,,-0.5724,-0.2381,,,,,,,,,,-0.05364,,,,-1.4904,,,,,-0.0756
"Electricity, biomass, at power plant","Electricity, biomass, at power plant",FALSE,64360b9b-adc0-3154-b391-40f2a09891d4,FALSE,RNA,22: Utilities,"2211: Electric Power Generation, Transmission and Distribution",,,,,,,,,,,,,,,,,,,,,,,,,,,,,,,,,,,,,3.6,,,,-0.0612,,,,,,,,,,,,,,,,,,,,,,,,,,,,,,,,,,,,,,,,,,,,,,,,,,,,,,,,,,,,,,,,,,,,,,,,,,,,,,,,,,,,,,,,,,,,,,,,,,,,,,,,,,,,,,,,,,,,,,,,,,,,,,
"Electricity, bituminous coal, at power plant","Electricity, bituminous coal, at power plant",FALSE,737e3efb-29d4-3b9d-8d78-6269508c1f59,FALSE,RNA,22: Utilities,"2211: Electric Power Generation, Transmission and Distribution",,,,,,,,,,,,,,,,,,,,,,,,,,,,,,,,,,,,-1.48124,,3.6,,,-1.4976,,,,,,,,,,,,,,,,,,,,,,,,,,,,,,,,,,,,,,,,,,,,,,,,,,,,,,,,,,,,,,,,,,,,,,,,,,,,,,,,,,,,,,,,,,,,,,,,,,,,,,,,,,,,,,,,,,,,,,,,,,,,,,
"Electricity, concentrated solar power (CSP)",Electricity,FALSE,24dcb797-de8a-42f6-a91b-636c1fc73869,FALSE,,22: Utilities,2211-modified,,,,,,,,,,,,,,,,,,,,,,,,,,,,,,,,,,,,,,,3.6,,,,,,,-0.072,,,,,,,,,,,,,,,,,,,,,,,,,,,,,,,,,,,,,,,,,,,,,,,,,,,,,,,,,,,,,,,,,,,,,,,,,,,,,,,,,,,,,,,,,,,,,,,,,,,,,,,,,,,,,,,,,,,,,,,,,
"Electricity, diesel, at power plant","Electricity, diesel, at power plant",FALSE,1e68baef-0ed7-37bb-9919-61963f9fbd08,FALSE,RNA,22: Utilities,"2211: Electric Power Generation, Transmission and Distribution",,,,,,,,,,,,,,,,,,,,,,,,,,,,,,,,,,,,-0.04481,,,,3.6,,,,,,,,,,,,,,,,,,,,,,,,,,,,,,,,,,,,,,,,,,,,,,,,,,,,,,,,,,,,,,,,,,,,,,,,,,,,,,,,,,,,,,,,,,,,,,,,,,,,,,,,,,,,,,,,,,,,,,,,,,,,,,,
"Electricity, Eastern US, 2014","Electricity, at grid",FALSE,06581fb2-1de0-3e78-8298-f37605dea142,FALSE,US,22: Utilities,"2211: Electric Power Generation, Transmission and Distribution",,,,,,,,,,,,,,,,,,,,,,,,,,,,,,,,,,,,,,,,,3.6,,,,,,,,,,,,,,,,,,,,,,,,,,,,,,,,,,,,,,,,,,,,,,,,,,,,,,,,,,,,,,,,,,,,,,,,,,,,,,,,,,,,,,,,,,,-0.47876,-11.7972,,,-117.562,-21.4157,-0.20064,-0.0257,-149.76,,,,,,,,,,,,,,,,,,,,,,,,,,,
"Electricity, lignite coal, at power plant","Electricity, lignite coal, at power plant",FALSE,a9f6971f-58a0-30b0-af5c-a36d11fe487f,FALSE,RNA,22: Utilities,"2211: Electric Power Generation, Transmission and Distribution",,,,,,,,,,,,,,,,,,,,,,,,,,,,,,,,,,,,-0.0684,,,,,,3.6,,,,,,,,,,,,,,,,,,,,,,,,,,,,,,,,,,,,,,,,,,,,,,,,,,,,,,,,,,,,,,,,,,,,,,,,,,,,,,,,,,,,,,,,,,,,,,,,,,,,,,,,,,,,,,,,,,,,,,,,,,,,,
"Electricity, natural gas, at power plant","Electricity, natural gas, at power plant",FALSE,6cb3e4a8-d7e0-3566-ae66-8022182af846,FALSE,RNA,22: Utilities,"2211: Electric Power Generation, Transmission and Distribution",,,,,,,,,,,,,,,,,,,,,,,,,,,,,,,,,,,,-0.88053,,,,,-0.846,,3.6,,,,,,,,,,,,,,,,,,,,,,,,,,,,,,,,,,,,,,,,,,,,,,,,,,,,,,,,,,,,,,,,,,,,,,,,,,,,,,,,,,,,,,,,,,,,,,,,,,,,,,,,,,,,,,,,,,,,,,,,,,,,
"Electricity, nuclear, at power plant","Electricity, nuclear, at power plant",FALSE,9e321869-bd1f-3c93-8528-8f198de2fa2b,FALSE,RNA,22: Utilities,"2211: Electric Power Generation, Transmission and Distribution",,,,,,,,,,,,,,,,,,,,,,,,,,,,,,,,,,,,-0.71347,,,,,,,,3.6,,,,,,,,,,,,,,,,,,,,,,,,,,,,,,,,,,,,,,,,,,,,,,,,,,,,,,,,,,,,,,,,,,,,,,,,,,,,,,,,,,,,,,,,,,,,,,,,,,,,,,,,,,,,,,,,,,,,,,,,,,,
"Electricity, residual fuel oil, at power plant","Electricity, residual fuel oil, at power plant",FALSE,f7d232cc-70aa-3669-a4e4-d1083d248e69,FALSE,RNA,22: Utilities,"2211: Electric Power Generation, Transmission and Distribution",,,,,,,,,,,,,,,,,,,,,,,,,,,,,,,,,,,,-0.01272,,,,,-0.0288,,,,3.6,,,,,,,,,,,,,,,,,,,,,,,,,,,,,,,,,,,,,,,,,,,,,,,,,,,,,,,,,,,,,,,,,,,,,,,,,,,,,,,,,,,,,,,,,,,,,,,,,,,,,,,,,,,,,,,,,,,,,,,,,,
"Electricity, solar",Electricity,FALSE,24dcb797-de8a-42f6-a91b-636c1fc73869,FALSE,,22: Utilities,2211-modified,,,,,,,,,,,,,,,,,,,,,,,,,,,,,,,,,,,,,,,,,,,,,,3.6,,,,,,,,,,,,,,,,,,,,,,3.96944,3.96944,,,,,,,,,,,,,,,,,,,,,,,,,,,,,,,,,,,,,,,,,,,,,,,,,,,,,,,,,,,,,,,,,,,,,,,,,,,,,,,,,,,,,,,,,,,,,,,,,,
"Enzyme, Alpha-amylase, Novozyme Liquozyme","Enzyme, Alpha-amylase, Novozyme Liquozyme",FALSE,00b5c8b4-682d-3000-a2df-246e333f6344,FALSE,RER,31-33: Manufacturing,3251: Basic Chemical Manufacturing,,,,,,,,,,,,,,,,,,,,,,,,,,,,,-5,,,,,,,,,,,,,,,,,,1,,,,,,,,,,,,,,,,,,,,,,,,,,,,,,,,,,,,,,,,,,,,,,,,,,,,,,,,,,,,,,,,,,,,,,,,,,,,,,,,,,,,,,,,,,,,,,,,,,,,,,,,,,,,,,,,,,,,,,,,
"Ethylene, materials production, organic compound, at plant, kg","Ethylene, at plant, kg",FALSE,ec1bf0d1-ff71-4960-aa0f-9fc87c14f972,FALSE,US,31-33: Manufacturing,3251: Basic Chemical Manufacturing,,,,,,,,,,,,,,,,,,,,,,,,,,,,,,,,,,,,,,,,,,,,,,,,1,-0.59,,,,,-0.288,-0.49,,,,,,,,,,,,,,,,,,,,,,,,,,,,,,,,,,,,,,,,,,,,,,,,,,,,,,,,,,,,,,,,,,,,,,,,,,,,,,,,,,,,,,,,,,,,,,,,,,,,,,,,,,,,,,,,
fossil-propylene production (monomer),"Disposal, solid waste, process, to sanitary landfill",FALSE,b35ecc2a-e40e-32bb-b5a0-5510499d96e2,FALSE,,Z: Plastic Packaging,A0: Monomer Production,,,,,,,,,,,,,,,,,,,,,,-0.01718,,,,,,,,,,,,,,,,,,,,,,,,,,,,,0.00029,,,,,,,,,,,,,,-0.00245,,,,,,,,,,,,,,,,,,,,,,,,,,,,,,,,,,,,,,,,,,,,,,,,,,,,,,,,,,,,,,,,,,,,,,,,,,,,,,,,,,,,,,,,,,,,,,,,,,,,,,
"Fuel grade uranium, at regional storage","Fuel grade uranium, at regional storage",FALSE,64e4081e-3bbf-3576-ad3e-d760aa93c187,FALSE,RNA,31-33: Manufacturing,3251: Basic Chemical Manufacturing,,,,,,,,,,,,,,,,,,,,,,,,,,,,,,,,,,,,,,,,,,,,-3.00E-06,,,,,,,,,,,,1,,,,,,,,,,,,,,,,,,,,,,,,,,,,,,,,,,,,,,,,,,,,,,,,,,,,,,,,,,,,,,,,,,,,,,,,,,,,,,,,,,,,,,,,,,,,,,,,,,,,,,,,,,,,,,,
"Gasoline, combusted in equipment","Gasoline, combusted in equipment",FALSE,bc38e349-1ccf-3855-a615-a4f581ab875b,FALSE,RNA,22: Utilities,"2213: Water, Sewage and Other Systems",,,,,,,,,,,,,,,,,,,,-8.40E-07,,,,,,,-1.90E-06,-6.80E-07,,,,,,,,,,,,,,,,,,,,,,,,,,,,,0.001,,,,,,,,,,,,,,,,,,,,-1.40E-06,,-5.10E-08,,,,,,,,,,,,,-3.40E-08,,,,,,,,,,,,,,,,,,,,,,,,,,,,,,,,,,,-1.80E-08,,,,,-2.80E-06,-6.90E-05,,,-6.90E-05,-1.30E-05,-6.60E-08,-8.40E-09,-8.80E-05,,,,,,,-8.70E-07,,,,,,,,,,,,,,,,,,,,
glucose production from corn,glucose,FALSE,69a0fd9b-1311-4b3e-984f-eff5674984c8,FALSE,,Z: Plastic Packaging,Other,,,,,,,,,,,,,,,-0.45267,,,-3.84615,,,,,,,,,,,,,,,,,,,,,,,,,,,,,,,,,,,,,,,,303,,,,,,,,,,,,,,,,,,,,,,,,,,,,,,,,,,,,,,,,,,,,,,,,,,,,,,,,,,,,,,,,,,,,,,,,,,,,,,,,,,,,,,,,,,,,,,,,,,,,,,,,,,,,,
HDPE production alternatives,HDPE (polymer),FALSE,1762d47d-7ef0-4948-916a-3d98670e500d,FALSE,,Z: Plastic Packaging,A1: Polymer Production,,,,,213.877362,21.3877362,,,,,,,,,,,,,,,,,,,,,,,,,,,,,,,,,,,,,,,,,,,,,,,,,,,,,1,,,,,,,,,,,,,-0.213877362,-0.213877362,-0.213877362,-0.213877362,,,,,,,0.88652,,,,,,,,,,,,,,,,,,,,,,,,,,,,,,,,,,,,,,,,,,,,,,,,,,,,,,,,,,,-0.213877362,,,,,,,,,,,,,,,,,,,,,,,,,,
Heat,Heat,FALSE,f6e5887d-644b-44ee-bb9d-5c2fd3d07b4a,FALSE,,Z: Plastic Packaging,Other,,,,,-675.216,-7913,,,,,-2,-4.635,,-5.6,,-576,-6.189,-4.166,,,,,,-0.71986,,,,,-10739.9,-1.044,,,,,,,,,,,,,,,,,,,,,,,,,,,,-25790,,1,,,,,,,,11.02654,11.02654,,,,,,,,,,,,,,,,,,,,,,,,,,,,,,,,,,,,,,,,-9765.5,,,,,,,,,,,,,,,-3.32979,-3.32971,-2.78014,,-3,,,,,,,,,,,,,,,,,,,,,,,,,,,,,,,,,,,,,,,
"Heat, onsite boiler, hardwood mill, average, SE",Electricity; onsite boiler; hardwood mill; average,FALSE,97624ce0-6d6a-3376-bfa7-c663b3c7e48d,FALSE,US,22: Utilities,"2213: Water, Sewage and Other Systems",,,,,,,,,,,,,,,,,,,,,,,,,,,,,,,,,,,,,,,,,,,,,,,,,,,,,,,,,,,,,0.006911,,,,,,,,,,,,,,,,,,,,,,,,,,,,,,,,,,,,,,,,,,,,,,,,,,,,,,,,,,,,,,,,,,,,,,,-0.02668,-0.65732,,,-6.55632,-1.19434,-0.01121,-0.00144,-8.352,,,,,,,,,,,,,,,,,,,,,,,,,,,
"Heat, onsite boiler, hardwood mill, average, SE",Heat; onsite boiler; hardwood mill; average,FALSE,833c3f72-fbbe-37ea-adf8-929b47ec0255,FALSE,US,22: Utilities,"2213: Water, Sewage and Other Systems",,,,,,,,,,,,,,,,,,,,,,,,,,,,,,,,,,,,,,,,,,,,,,,,,,,,,,,,,,,,,,1,,,,,,,,,,,,,,,,,,,,,,,,,,,,,,,,,,,,,,,,,,,,,,,,,,,,,,,,,,,,,,,,,,,,,,,,,,,,,,-4828,,,,,,,,,,,,,,,,,,,,,,,,,,,
plastic packaging waste alternatives,plastic packaging waste,FALSE,94e7a444-13ef-4192-bf69-58d845fccf73,FALSE,,Z: Plastic Packaging,A4: Sorting,,,0.95,,,,,,,,,,,,,,,,,,,,,,,,,,,,,,,,,,,,,,,,,,,,,,,,,,,,,,,,,,,,-1,,,,,-1,,-1,,,,,,,,,,,-1,,,,,,,-1,,,,,,,,,,,,,,,,,,,,,,,,,,,,,,,,,,,,,,,,,,,,,,,,,,,,,,,,,,,,,,,,,,,,,,,,,,,,,,,
"Hydrochloric acid, HCl; MDI coproduct; at plant, 100% HCl","Hydrochloric acid, at plant, kg",FALSE,c3019f2c-8e84-4f0d-9529-093d2d0ae5e1,FALSE,RNA,31-33: Manufacturing,3251: Basic Chemical Manufacturing,,,,,,,,,,,,,,,-0.556,,,,,,,,,,,,,,,,,,,,,,,,,,,,,,,,,,,,,,,,,,,,,,,,,1,,,,,,,,,,,,,,,,,,,,,,,,,,,,,,,,,,,,,,,,,,,,,,,,,,,,,,,,,,,,,,,,,,,,,,,,,,,,,,,,,,,,,,,,,,,,,,,,,,,,,,,
"Hydrochloric acid, without water, in 30% solution state, at plant","Hydrochloric acid, without water, in 30% solution state, at plant",FALSE,1a0678a7-09b1-339d-8f05-259a14f0ab84,FALSE,RNA,31-33: Manufacturing,3251: Basic Chemical Manufacturing,,,,,,,,,,,,,,,,,,,,,,,,,,-0.0173,,,,,,,,,,,,,,,,,,,,,,,,,,,,,,,,,,,,,,,1,-0.0225,,,,,,,,,,,,,,,,,,,,,,,,,,,,,,,,,,,,,,,,,,,,,,,,,,,,,,,,,,,,,,,,,,,,,,,,,,,,,,-0.0172,,,,,,,,,,,,,,,,,,,,,,,
"Hydrogen, chlor-alkali average, membrane cell; at plant","Hydrogen, chlor-alkali average, membrane cell; at plant",FALSE,c8f87bf1-3603-4867-8d39-a5a0a3b90d0d,FALSE,RNA,31-33: Manufacturing,3251: Basic Chemical Manufacturing,,,,,,,,,,,,,,,,,,,-0.0015,,,,,,,,,,,,,,,,,,,,,,,,,,,,,,,,,,,,-0.0015,,,,,,,,,,,1,,,,,,,,,,,,,,,,,,,,,,,,,,,,,,,,,,,,,,,,,,,,,,,,,,,,,,,,,,,,,,,,,,,,,,,,,,,,,,,,,,,,,,,,,,,,,,,,,,,,,
"Hydrogen, liquid, synthesis gas, at plant","Hydrogen, liquid, synthesis gas, at plant",FALSE,3a8cda88-d05e-3a52-82ff-e7aa2caefd0d,FALSE,RNA,31-33: Manufacturing,3251: Basic Chemical Manufacturing,,,,,,,,,,,,,,,-0.028,,,,,,,,,,,,,,,,,,,,,,,,,,,,,,,,,,,,,,,,,,,,-0.0018,,,,,,,,1,,,,,,,,,,,,,,,,,,,,,,,,,,,,,,,,,,,,,,,,,,,,,,,,,,,,,,,,,,,,,,,,,,,,,,,,,,,,,,,,,,,,,,,,,,,,,,,,,,,,
plastic residues alternatives,plastic residues,FALSE,ae9e4d7e-374a-4ba7-b8f1-acd5310008f1,FALSE,,A5: EoL,Energy recovery,,,,,,,,,,,,,,,,,,,,,,,,,,,,,,0.03,,,,,,,,,,,,,,,,,,,,,,,,,,,,,,,,,0.05773,,,,,,-1,,-1,,,,,,,,,,0.1540795057,0.10993,0.09058,0.147392,0.10993,0.10993,0.07,0.1443109512,,,,,,,,,,,,,,,,,,,,,321,,,,,,,,,,,,,,,,,,,,,,,,,,,,,,,,,,,,,,,,,,,,,,,,,,,,,,,,,,
"large, flexible, mono-layer plastic packaging production","large, flexible, mono-layer plastic packaging",FALSE,a09039e3-1a6c-4948-bad9-1edefde4c95b,FALSE,,Z: Plastic Packaging,A2: Plastic Packaging Production,,,-0.29,,,,,,,,,,,,,,,,,,,,,,,,,,,,,,,,,,,,,,,,,,,,,,,,,,,,,,,,,,,,,,,,,,,,,1,,,,,,,,,,,,,,,,,,,,,,,,,,,,,,,,,,,,,,,,,,,,,,,,,,,,,,,,,,,,,,,,,,,,,,,,,,,,,,,,,,,,,,,,,,,,,,,
"large, flexible, multi-layer plastic packaging production","large, flexible, multi-layer plastic packaging",FALSE,3c8a91cd-e417-4b22-80e7-a4a27a2563e0,FALSE,,Z: Plastic Packaging,A2: Plastic Packaging Production,,,-0.10,,,,,,,,,,,,,,,,,,,,,,,,,,,,,,,,,,,,,,,,,,,,,,,,,,,,,,,,,,,,,,,,,,,,,,1,,,,,,,,,,,,,,,,,,,,,,,,,,,,,,,,,,,,,,,,,,,,,,,,,,,,,,,,,,,,,,,,,,,,,,,,,,,,,,,,,,,,,,,,,,,,,,
"large, rigid, mono-layer plastic packaging production","large, rigid, mono-layer plastic packaging",FALSE,0b0a3464-8782-4ec4-9b55-919bf9e3fe9c,FALSE,,Z: Plastic Packaging,A2: Plastic Packaging Production,,,-0.49,,,,,,,,,,,,,,,,,,,,,,,,,,,,,,,,,,,,,,,,,,,,,,,,,,,,,,,,,,,,,,,,,,,,,,,1,,,,,,,,,,,,,,,,,,,,,,,,,,,,,,,,,,,,,,,,,,,,,,,,,,,,,,,,,,,,,,,,,,,,,,,,,,,,,,,,,,,,,,,,,,,,,
"large, rigid, multi-layer plastic packaging production","large, rigid, multi-layer plastic packaging",FALSE,37c95147-2ecf-47aa-9755-1f44bf59b383,FALSE,,Z: Plastic Packaging,A2: Plastic Packaging Production,,,-0.03,,,,,,,,,,,,,,,,,,,,,,,,,,,,,,,,,,,,,,,,,,,,,,,,,,,,,,,,,,,,,,,,,,,,,,,,1,,,,,,,,,,,,,,,,,,,,,,,,,,,,,,,,,,,,,,,,,,,,,,,,,,,,,,,,,,,,,,,,,,,,,,,,,,,,,,,,,,,,,,,,,,,,
LDPE production,LDPE (polymer),FALSE,d5a62927-c066-455c-ba8f-7526b6f4dc50,FALSE,,Z: Plastic Packaging,A1: Polymer Production,,,,,203.1855717,20.31855717,,,,,,,,,,,,,,,,,,,,,,,,,,,,,,,,,,,,,,,,,,,,,,,,,,,,,,,,,,,,,,,,,,-0.2031855717,-0.2031855717,-0.2031855717,-0.2031855717,1,,,,,,,0.905797,,,,,,,,,,,,,,,,,,,,,,,,,,,,,,,,,,,,,,,,,,,,,,,,,,,,,,,,,,-0.2031855717,,,,,,,,,,,,,,,,,,,,,,,,,,
"Lignite coal, at surface mine","Lignite coal, at surface mine",FALSE,90247271-0884-3a25-af40-be7abccb922c,FALSE,RNA,"21: Mining, Quarrying, and Oil and Gas Extraction",2121: Coal Mining,,,,,,,,,,,,,,,,,,,,,,,1.66,,,,,,,,,,,,,,,,,,,-0.78206,,,,,,,,,,,,,,,,,,,,,,,,,,,,,,,,,,,1,-1,,,,,,,,,,,,,,,,,,,,,,,,,,,,,,,,,,,,,,,,,,,,,,,,,,,,,,,,,,,,,,,,,,,,,,,,,,,,,,,,,,,,,,,,,
"Lignite coal, combusted in industrial boiler","Lignite coal, combusted in industrial boiler",FALSE,eb6394c1-0d19-3be3-99ab-ec572dec9926,FALSE,RNA,22: Utilities,"2213: Water, Sewage and Other Systems",,,,,,,,,,,,,,,,,,,,,,,,,,,,,,,,,,,,,,,,,,,,,,,,,,,,,,,,,,,,,,,,,,,,,,,,,,,,,-0.00036,1,,,,,,,,,,,,,,,,,,,,,,,,,,,,,,,,,,,,,,,,,,,,,,,,,,,,,,,,,,,,,,,,,,,,-0.0125,,,,,,,,,,,,,,,,,,,,,
"Limestone, at mine","Limestone, at mine",FALSE,8fe57bef-7504-3270-8dbd-13c0df6ddaac,FALSE,RNA,"21: Mining, Quarrying, and Oil and Gas Extraction",2123: Nonmetallic Mineral Mining and Quarrying,,,,,,,,,,,,,,,,,,,,,,,,,,,,,,,,,,,,,,,,,,,,,,,,,,,,,,,,,,,,,,,,,,,,,,,,,,,,,,,1,,,,,,,,,,,,,,,,,,,,,,,,,,,,,,,,,,,,,,,,,,,,,,,,,,-1.87,,,,,,,,,,,,,,,,,,,,,,,,,,,,,,,,,,,,,,
"Liquefied petroleum gas, combusted in industrial boiler","Liquefied petroleum gas, combusted in industrial boiler",FALSE,f77da622-e84d-3639-8917-fcf792aaee13,FALSE,RNA,22: Utilities,"2213: Water, Sewage and Other Systems",,,,,,,,,,,,,,,,,,,,,,,,,,,-4.90E-06,,,,,,,,,,,,,,,,,,,,,,,,,,,,,,,,,,-2.10E-09,-3.00E-07,,,,,,,,,,,,,,,,,,0.001,,,,,,,,,,,,,,,,,,,,,,,,,,,,,,,,,-2.50E-07,-4.80E-07,-3.10E-08,-5.90E-08,-5.60E-08,,,,,,,,,,,,-3.20E-08,,,,,,,,,,,,,,,,,,,,,,,,,,,,,,,,,-7.80E-06,,,,,
HDPE sorted alternatives,"HDPE, sorted",FALSE,2dff218d-5b43-4f6f-8e8f-0aaadd094147,FALSE,,A5: EoL,mechanical recycling,,,,,,,,,,,,,,,,,,,,,,,,,,,,,,,,,,,,,,,,,,,,,,,,,,,,,,,,,,,,,,,0.1763782441,,,,,,,,,,,,,,,,,,,-1,,,,,,0.1027039092,,,,,,,,,,,,,,,,,,,,,,,,,,,,,,,,,,,,-1,,,,,,,,,,,,,,,,,,,,,,,,,,,,,,,,,,,,,,,,,,,
"mechanical recycling, LDPE sorted","LDPE, sorted",FALSE,19107eb0-e40d-4906-8832-0ac3af051431,FALSE,,A5: EoL,mechanical recycling,,,,,,,,,,,,,,,,,,,,,,,,,,,,,,,,,,,,,,,,,,,,,,,,,,,,,,,,,,,,,,,0.1675610454,,,,,,,,,,,,,,,,,,,,-1,,,,,0.09756971154,,,,,,,,,,,,,,,,,,,,,,,,,,,,,,,,,,,,,-1,,,,,,,,,,,,,,,,,,,,,,,,,,,,,,,,,,,,,,,,,,
"mechanical recycling, PP sorted","PP, sorted",FALSE,40ca4afc-7b0b-4135-b4f2-60b07af0eca5,FALSE,,A5: EoL,mechanical recycling,,,,,,,,,,,,,,,,,,,,,,,,,,,,,,,,,,,,,,,,,,,,,,,,,,,,,,,,,,,,,,,0.2398757828,,,,,,,,,,,,,,,,,,,,,,-1,,,0.1396781148,,,,,,,,,,,,,,,,,,,,,,,,,,,,,,,,,,,,,,-1,,,,,,,,,,,,,,,,,,,,,,,,,,,,,,,,,,,,,,,,,
"mechanical recycling, PVC sorted","PVC, sorted",FALSE,d5d4b71f-138a-42ef-afd0-b4095f47cc39,FALSE,,A5: EoL,mechanical recycling,,,,,,,,,,,,,,,,,,,,,,,,,,,,,,,,,,,,,,,,,,,,,,,,,,,,,,,,,,,,,,,0.01724763522,,,,,,,,,,,,,,,,,,,,,,,,-1100,0.01004318628,,,,,,,,,,,,,,,,,,,,,,,,,,,,,,,,,,,,,,,,,,,,,,,,,,,,,,,,,,,,,,,,,,,,,,,,,,,,,,,
"Methanol, at plant, kg","Methanol, at plant, kg",FALSE,ae69b712-d8d2-41ef-a2c1-fb477807f742,FALSE,RNA,31-33: Manufacturing,3251: Basic Chemical Manufacturing,,,,-0.539,,,,,,,,,,,,,,,,,,,,,,,,,,,,,,,,,,,,,,,,,,,,,,,,,-0.016,,,,,,,,,,,,,,,,,,,,,,,,,,,,,,,,,,,,1,,,,,,,,,,,,,,,,,,,,,,,,,,,,,,,,,,,,,,,,,,,,,,,,,,,,,,,,,,,,,,,,,,,,,,,,,,,,,,
"Natural gas, at extraction, Barnett Shale, kg","Natural gas, at extraction, Barnett Shale, kg",FALSE,43ab3de2-e1a2-4e1a-9613-68e9cbd7aab5,FALSE,US,"21: Mining, Quarrying, and Oil and Gas Extraction",2111: Oil and Gas Extraction,,,,,,,,,,,,,,,,,,,,,,,,,,,,,,,,,,,,,,,,,,,,,,,,,,,,,,,,,,,,,,,,,,,,,,,,,,,,,,,,,,,,,,,,,,1,,,,,,-0.274,,,,,,,,,,,,,,,,,,,,,,,,,,,,,,,,,,,,,,,,,,,,,,,,,,,,,,,,,,,,,,,,,,,,,,,
"Natural gas, at extraction, coal bed methane, kg","Natural gas, at extraction, coal bed methane, kg",FALSE,1d674722-7562-4360-8677-93bf36a9a57a,FALSE,US,"21: Mining, Quarrying, and Oil and Gas Extraction",2111: Oil and Gas Extraction,,,,,,,,,,,,,,,,,,,,,,,,,,,,,,,,,,,,,,,,,,,,,,,,,,,,,,,,,,,,,,,,,,,,,,,,,,,,,,,,,,,,,,,,,,,1,,,,,-0.042,,,,,,,,,,,,,,,,,,,,,,,,,,,,,,,,,,,,,,,,,,,,,,,,,,,,,,,,,,,,,,,,,,,,,,,
"Natural gas, at extraction, conventional offshore, kg","Natural gas, at extraction, conventional offshore, kg",FALSE,fdfa1dbf-3593-45ff-b0dc-6b3f9d8fa4bd,FALSE,US,"21: Mining, Quarrying, and Oil and Gas Extraction",2111: Oil and Gas Extraction,,,,,,,,,,,,,,,,,,,,,,,,,,,,,,,,,,,,,,,,,,,,,,,,,,,,,,,,,,,,,,,,,,,,,,,,,,,,,,,,,,,,,,,,,,,,1,,,,-0.113,,,,,,,,,,,,,,,,,,,,,,,,,,,,,,,,,,,,,,,,,,,,,,,,,,,,,,,,,,,,,,,,,,,,,,,
"Natural gas, at extraction, conventional onshore associated, kg","Natural gas, at extraction, conventional onshore associated, kg",FALSE,4398eda3-a9ac-444b-bc90-0e042335fa2f,FALSE,US,"21: Mining, Quarrying, and Oil and Gas Extraction",2111: Oil and Gas Extraction,,,,,,,,,,,,,,,,,,,,,,,,,,,,,,,,,,,,,,,,,,,,,,,,,,,,,,,,,,,,,,,,,,,,,,,,,,,,,,,,,,,,,,,,,,,,,1,,,-0.132,,,,,,,,,,,,,,,,,,,,,,,,,,,,,,,,,,,,,,,,,,,,,,,,,,,,,,,,,,,,,,,,,,,,,,,
"Natural gas, at extraction, conventional onshore, kg","Natural gas, at extraction, conventional onshore, kg",FALSE,f1deade7-12b4-45c8-a00f-946a33de6d2c,FALSE,US,"21: Mining, Quarrying, and Oil and Gas Extraction",2111: Oil and Gas Extraction,,,,,,,,,,,,,,,,,,,,,,,,,,,,,,,,,,,,,,,,,,,,,,,,,,,,,,,,,,,,,,,,,,,,,,,,,,,,,,,,,,,,,,,,,,,,,,1,,-0.269,,,,,,,,,,,,,,,,,,,,,,,,,,,,,,,,,,,,,,,,,,,,,,,,,,,,,,,,,,,,,,,,,,,,,,,
"Natural gas, at extraction, Marcellus Shale, kg","Natural gas, at extraction, Marcellus Shale, kg",FALSE,c3550488-240f-4674-883a-ccf7dbf0ecf3,FALSE,US,"21: Mining, Quarrying, and Oil and Gas Extraction",2111: Oil and Gas Extraction,,,,,,,,,,,,,,,,,,,,,,,,,,,,,,,,,,,,,,,,,,,,,,,,,,,,,,,,,,,,,,,,,,,,,,,,,,,,,,,,,,,,,,,,,,,,,,,1,-0.171,,,,,,,,,,,,,,,,,,,,,,,,,,,,,,,,,,,,,,,,,,,,,,,,,,,,,,,,,,,,,,,,,,,,,,,
"Natural gas, at extraction, production mixture, to consumer, kg","Natural gas, at extraction, composite, kg",FALSE,c1618370-1fc6-45fc-a2cc-2458bc9ddf6a,FALSE,US,"21: Mining, Quarrying, and Oil and Gas Extraction",2111: Oil and Gas Extraction,,,,,,,,,,,,,,,,,,,,,,,,,,,,,,,,,,,,,,,,,,,,,,,,,,,,,,,,,,,,,,,,,,,,,,,,,,,,,,,,,,,,,,,,,,,,,,,,1,-1,,-1,,,,,,,,,,,,,,,,,,,,,,,,,,,,,,,,,,,,,,,,,,,,,,,,,,,,,,,,,,,,,,,,,,,,
"Natural gas, at processing, conventional, kg","Natural gas, at processing, conventional, kg",FALSE,7445d544-fd68-4cb8-9f75-00428a6b4c98,FALSE,US,"21: Mining, Quarrying, and Oil and Gas Extraction",2111: Oil and Gas Extraction,,,,,,,,,,,,,,,,,,,,,,,,,,,,,,,,,,,,,,,,,,,,,,,,,,,,,,,,,,,,,,,,,,,,,,,,,,,,,,,,,,,,,,,,,,,,,,,,,1,-0.51,,,,,,,,,,,,,,,,,,,,,,,,,,,,,,,,,,,,,,,,,,,,,,,,,,,,,,,,,,,,,,,,,,,,,
"Natural gas, at processing, production mixture, to consumer, kg","Natural gas, at processing, composite, kg",FALSE,1a30ee75-215c-47ab-8927-8d15cdf63407,FALSE,US,"21: Mining, Quarrying, and Oil and Gas Extraction",2111: Oil and Gas Extraction,,,,,,,,,,,,,,,,,,,,,,,,,,,,,,,,,,,,,,,,,,,,,,,,-1.05,,-1.05,,,,,,,,,,,,,,,,,,,,,,,,,,,,,,,,,,,,,,,-0.62,,,,,,,,,1,,,,,,-1,-1,,,,,,,,,,,,,,,,0.0027,,,,,,,,,,,,,,,,,,,,,,,,,,,,,,,,,,,,,,,,,,,,,,
"Natural gas, at processing, shale, kg","Natural gas, at processing, shale, kg",FALSE,5fad297f-057e-468c-8ae1-bd4ef37514f3,FALSE,US,"21: Mining, Quarrying, and Oil and Gas Extraction",2111: Oil and Gas Extraction,,,,,,,,,,,,,,,,,,,,,,,,,,,,,,,,,,,,,,,,,,,,,,,,,,,,,,,,,,,,,,,,,,,,,,,,,,,,,,,,,,,,,,,,,,,,,,,,,,-0.49,1,,,,,,,,,,,,,,,,,,,,,,,,,,,,,,,,,,,,,,,,,,,,,,,,,,,,,,,,,,,,,,,,,,,,
"Natural gas, combusted in industrial boiler","Natural gas, combusted in industrial boiler",FALSE,bb1dc159-fe13-3f8e-8197-361e8c770ba3,FALSE,RNA,22: Utilities,"2213: Water, Sewage and Other Systems",,,,-0.22355,,,,,-0.0394,,,,,,,,,,-0.14,-0.00016,,,,,-0.11918,-0.0762,-0.00305,-0.03277,,,,,,,-0.1875,,,,,,,,,,,,,0.052,-0.1242,0.052,0.059,0.059,-0.05371,-0.401,-0.14,-184,,,-0.028,,-5.10E-06,-0.00072,,-0.053,,-0.0092,-0.0703,,,,,,,,,-0.0444,-0.00025,,-0.00014,,,,,,,,,,-0.00737,,,,,,,,-0.00068,,-0.00068,1,,,,,,,,-0.05391,,-0.062,,,-0.00243,-0.00468,-0.0003,-0.00057,-0.00054,-0.0862,,,-0.034,-0.023,-0.063,,,,,,-0.021,,,,,,,,,,,,,-0.04975,-0.02478,-0.0763,,-5.70E-06,-0.113,,,,,,,,,,,,,,,-0.0746,,,,,-0.051
"Natural gas, combusted in industrial boiler, at hydrocracker, for ethylene","Natural gas, combusted in industrial boiler, at hydrocracker, for ethylene",FALSE,f179160d-d402-3e37-8d65-93d09f309b99,FALSE,RNA,22: Utilities,"2213: Water, Sewage and Other Systems",,,,,,,,,,,,,,,,,,,,,,,,,,,,,,,,,,,,,,,,,,,,,,,,-0.116,,-0.116,-0.113,-0.113,,,,,,,,,,,,,,,,,,,,,,,,,,,,,,,,,,,,,,,,,,,,,,,,,1,,,,,,,,,,,,,,,,,,,,,,,,,,,,,,,,,,,,,,,,,,,,,,,,,,,,,,,,,,,,,,,,,,
"Natural gas, combusted in industrial boiler, at hydrocracker, for pyrolysis gas","Natural gas, combusted in industrial boiler, at hydrocracker, for pyrolysis gas",FALSE,ea080df3-3823-3f40-89ed-1a45b561230e,FALSE,RNA,22: Utilities,"2213: Water, Sewage and Other Systems",,,,,,,,,,,,,,,,,,,,,,,,,,,,,,,,,,,,,,,,,,,,,,,,,,,,,,,,,,,,,,,,,,,,,,,,,,,,,,,,,,,,,,,,,,,,,,,,,,,,,,1,,,,,,,,,,,,,,,,,,,,,,,,,-0.0964,,,,,,,,,,,,,,,,,,,,,,,,,,,,,,,,,,,,,,,,
"Natural gas, combusted in industrial equipment","Natural gas, combusted in industrial equipment, 1.357 m3/kg, 52.13 MJ/kg",FALSE,9dfc02c2-db7e-3c19-b120-165cab1a22c5,FALSE,RNA,22: Utilities,"2213: Water, Sewage and Other Systems",,,,,,,,,,,,,,,,,,,,,,,,,,,,,,,,,,,,,,,,,,,,,,,,,,,,,,,,,,,,,,,,,,,,,,,,,,,,,,,,,,,,,,,,,,,,,,,,,,,,,,,1,,,,,,,,,,,,,,,,,,,,,,,,,,,,,-2.20E-07,-5.50E-06,,,-5.60E-06,-1.00E-06,-5.20E-09,-6.70E-10,-7.10E-06,,,,,,,,,,,,,,,,,-0.01214,,,,,,,,,,
"Natural gas, processed, for energy use, at plant","Natural gas, production mixture, to energy use",FALSE,1a34bf95-f897-4af9-b70c-368fce9e41d6,FALSE,,"21: Mining, Quarrying, and Oil and Gas Extraction",2111: Oil and Gas Extraction,,,,,,,,,-0.0221,,,,,,,,,,,,,,,,,,,,,,,,,,,,,,,,,,-0.21982,,,,,,,,-0.16,-0.16,,,,,,,,,,,,,,,,,,,,,,,,,,,,,,,,,,,,,,,,,,,,,,,,-0.73692,-0.73692,-0.73692,-0.73692,1,,,,,,,,,,,,,,,,,,,,,,,-0.10382,,,,,,,,,,,,,,,,,,,,,,,,,,,,,,,,,,,,,,,,
"Natural gas, processed, for material use, at plant","Natural gas, production mixture, to material use",FALSE,c837f7c6-1f8d-4f62-ade8-4f2a73b41b1a,FALSE,,"21: Mining, Quarrying, and Oil and Gas Extraction",2111: Oil and Gas Extraction,,,,-0.325055269,,,,,,,,,,,,,,,,,,,,,,,,,,,,,,,,,,,,,,,,,,,,,,,-0.87,-0.87,,,,,,,,,,,,,,,-2.91,,,,,,,,,,,,,,,,,,,,,,,,,,,,,,,,,,,,,,1,-0.69713,,,,,,,,,,,,,,,,,,,,,-0.58424,,,,,,,,,,,,,,,,,,,,,,,,,,,,,,,,,,,,,,,,
"Nitrogen fertilizer, production mix, at plant","Nitrogen fertilizer, production mix, at plant",FALSE,45f1fd00-2093-3e05-9b41-e942b9e8cec9,FALSE,RNA,31-33: Manufacturing,"3253: Pesticide, Fertilizer, and Other Agricultural Chemical Manufacturing",,,,,,,,,,,,,,,,,,,,,,,,,,,-0.0169,,,,,,,,,,,,,,,,,,,,,,,,,,,,,,,,,,,,,,,,,,,,,,,,,,,,,,,,,,,,,,,,,,,,,,,,,,,,,,,1,,,,,,,,,,,,,,,,,,,,,,,,,,,,,,,,,,,,,,,,,,,,,,,,,,,,,,,,,,,,,
"Oxygen, liquid, at plant","Oxygen, liquid, at plant",FALSE,055e3f80-da33-3f27-be5f-8d0c59872b9a,FALSE,RNA,31-33: Manufacturing,3251: Basic Chemical Manufacturing,,,,,,,,,,,,,-0.463,,,,-0.096,,-0.0065,,,,,,,,,,,,,,,,,,,,,,,,,,,,,,-0.56,,,,,,-0.0065,,,,,,,,,,,,,,,,,,,,,,,,,,,,,,,,,,,,,,,,,,,,,,,,,,,,1,,,,,,,,,,,,,,,,,,,,,,,,,,,,,,,,,,,,,,,,,,,,,,,,,,,,,,,,,,,,
"Paraxylene, at plant, kg","Paraxylene, at plant, kg",FALSE,44067793-674b-441e-b898-369f32f99ba0,FALSE,RNA,31-33: Manufacturing,3251: Basic Chemical Manufacturing,,,,,,,,,,,,,,,,,,,,,,,,,,,,,,,,,,,,,,,,,,,,,,,,,,,,,-0.65,,,,,,,,,,,,,,,,,,,,,,,,,,,,,,,,,,,,,,,,,,,,,,,,,,,,,,,1,,,,,,,,,,,,,,,,,,,,,,,,,,,,,,,,,,,,,,,,,,,,,,,,,,,,,,,,,,,
PET production,PET (polymer),FALSE,e55573ab-257e-4a66-af73-b23c4541f9a1,FALSE,,Z: Plastic Packaging,A1: Polymer Production,,,,,221.2446645,22.12446645,,,,,,,,,,,,,,,,,,,,,,,,,,,,,,,,,,,,,,,,,,,,,,,,,,,,,,,,,,,,,,,,,,-0.2212446645,-0.2212446645,-0.2212446645,-0.2212446645,,,,,,,,,0.85034,,,,,,,,,,,,,,,,,,,,,,,,,,1,,,,,,,,,,,,,,,,,,,,,,,,,,,,,,,-0.2212446645,,,,,,,,,,,,,,,,,,,,,,,,,,
"Petroleum refined, for energy use, at plant","Petroleum refined, to energy use, at refinery",FALSE,b022d34e-2838-4494-8a84-9b6aa57e575a,FALSE,,31-33: Manufacturing,3241: Petroleum and Coal Products Manufacturing,,,,,,,,,-0.016,,,,,,,,,,,,,,,,,,,,,,,,,,,,,,,,,,,,,,,-0.019,,-0.019,-0.027,-0.027,,,,,,,,,,,,,,,,,,,,,,,,,,,,,,,,,,,,,,,,,,,,,,,,,,,,,,,,,,,1,,,,,,,,,,,,,,,,-0.07518,,,,,,,,,,,,,,,,,,,,,,,,,,,,,,,,,,,,,,,,
"Petroleum refined, for material use, at plant","Petroleum refined, to material use, at refinery",FALSE,3671e08b-0f5d-423e-9805-3cbd3f7b909a,FALSE,,31-33: Manufacturing,3241: Petroleum and Coal Products Manufacturing,,,,,,,,,-0.667,,,,,,,,,,,,,,,,,,,,,,,,,,,,,,,,,,,,,,,-0.1,,-0.1,-0.14,-0.14,,,,,,,,,,,,,,,,,,,,,,,,,,,,,,,,,,,,,,,,,,,,,,,,,,,,,,,,-0.016,,,,1,,,,,,,,,,,,,,,-0.41861,,,,,,,,,,,,,,,,,,,,,,,,,,,,,,,,,,,-1,,,,,-1
"Petroleum refining, at refinery","Diesel, at refinery",FALSE,d939590b-a0d7-310c-8952-9921ed64a078,FALSE,RNA,31-33: Manufacturing,3241: Petroleum and Coal Products Manufacturing,,,,,,,,,,,,,,,,,,,,,,,,,,,,,,,-0.001,-0.001,,,,,,,,-0.00033,,,,,,,,,,,,,,,,,,,,,,,,,,,,,,,,,,,,,,,,,,,,,,,,,,,,,,,,,,,,,,,,,,,,,,,,,0.000252,,,,,,,,,,,,,,,,,,,,,,,,,,,,,,,,,,,,,-9.60E-06,,,-2.70E-05,,-4.90E-06,,,,-5.80E-05,-6.50E-06,,,,,,,
"Petroleum refining, at refinery","Gasoline, at refinery",FALSE,0e44e579-abb0-3c77-af64-c774d65be529,FALSE,RNA,31-33: Manufacturing,3241: Petroleum and Coal Products Manufacturing,,,,,,,,,,,,,,,,,,,,,,,,,,,,,,,,,,,,,,,,,,,,,,,,,,,,,,,,,-0.001,,,,,,,,,,,,,,,,,,,,,,,,,,,,,,,,,,,,,,,,,,,,,,,,,,,,,,,,,0.00057,,,,,,,,,,,,,,,,,,,,,,,,,,,,,,,,,,,,,,,,,,,,,,,,,,,,,
"Petroleum refining, at refinery","Liquefied petroleum gas, at refinery",FALSE,813325ee-9eb4-3825-9280-bee7b1a2e9a8,FALSE,RNA,31-33: Manufacturing,3241: Petroleum and Coal Products Manufacturing,,,,,,,,,,,,,,,,,,,,,,,,,,,,,,,,,,,,,,,,,,,,,,,,,,,,,,,,,,,,,,,,,,,,,,,,,,,,,,,,-0.001,,,,,,,,,,,,,,,,,,,,,,,,,,,,,,,,,,,4.91E-05,,,,,,,,,,,,,,,,,,,,,,,,,,,,,,,,,,,,,,,,,,,,,,,,,,,,
"Petroleum refining, at refinery","Petroleum refining coproduct, at refinery",FALSE,5f96ad43-abab-3b62-bcf8-c71f9d6c7881,FALSE,RNA,31-33: Manufacturing,3241: Petroleum and Coal Products Manufacturing,,,,,,,,,,,,,,,,,,,,,,,,,,,,,,0.14,,,,,,,,,,,,,,,,,,,,,,,,,,,,,,,,,,,,,,,,,,,,,,,,,,,,,,,,,,,,,,,,,,,,,,,,,,,,,,,,,-1,-1,,,,0.051454,,,,,,,,,,,,0.79,,,,,,,,,,,,,,,,,,,,,,,,,,,,,,,,,,,,,,,
"Petroleum refining, at refinery","Residual fuel oil, at refinery",FALSE,f7c00d19-9601-373a-ba23-593e251b4dee,FALSE,RNA,31-33: Manufacturing,3241: Petroleum and Coal Products Manufacturing,,,,,,,,,,,,,,,,,,,,,,,,,,,,,,,,,,,,,,,,,,,,,-0.00026,,,,,,,,,,,,,,-1.10E-06,,,,,,,,,,,,,,,,,,,,,,,,,,,,,,,,,,,,,,,,,,,,,,,,,,,,,,,,,,5.18E-05,,,,,,,,,,,,,-0.001,,,,,,,,,,,,,,,,,,,,,-8.80E-06,,,,,-4.90E-06,,,,,,,,,,,
"Phosphorous fertilizer, production mix, at plant","Phosphorous fertilizer, production mix, at plant",FALSE,91feb044-e771-35a3-a81f-ac076c5f9b83,FALSE,RNA,31-33: Manufacturing,"3253: Pesticide, Fertilizer, and Other Agricultural Chemical Manufacturing",,,,,,,,,,,,,,,,,,,,,,,,,,,-0.00584,,,,,,,,,,,,,,,,,,,,,,,,,,,,,,,,,,,,,,,,,,,,,,,,,,,,,,,,,,,,,,,,,,,,,,,,,,,,,,,,,,,,,,,,,,,1,,,,,,,,,,,,,,,,,,,,,,,,,,,,,,,,,,,,,,,,,,,,,,,,,
polyester fiber from PET,fiber-grade PET resin,FALSE,fe6d2128-df3b-4ead-84bb-c00e925639d4,FALSE,,Z: Plastic Packaging,Other,,,,,,,,,,,,,,,,,,,,,,,,,,,,,,,,,,,,,,,,,,,,,,,,,,,,,,,,,,,,,,,,,,,,,,,,,,,,,,,,,,,,,,,,,,,,,,,,,,,,,,,,,,,,,1000,,,,,,,,,,,1,,,,,,,,,,,,,,,,,,,,,,,,,,,,,,,,,,,,,,,,,,,,,,,
PP production,PP (polymer),FALSE,55b752aa-45fc-4402-9e34-438ed6204505,FALSE,,Z: Plastic Packaging,A1: Polymer Production,,,,,290.8748746,29.08748746,,,,,,,,,,,,,,,,,,,,,,,,,,,,,,,,,,,,,,,,,,,,,,,,,,,,,,,,,,,,,,,,,,-0.2908748746,-0.2908748746,-0.2908748746,-0.2908748746,,,,,,,,,,0.88652,,,,,,,,,,,,,,,,,,,,,,,,,,,,,,,,,,,,1,,,,,,,,,,,,,,,,,,,,-0.2908748746,,,,,,,,,,,,,,,,,,,,,,,,,,
PS production,PS (polymer),FALSE,3dee674c-2eac-41bb-aedd-4cbcdae254f2,FALSE,,Z: Plastic Packaging,A1: Polymer Production,,,,,49.90293683,4.990293683,,,,,,,,,,,,,,,,,,,,,,,,,,,,,,,,,,,,,,,,,,,,,,,,,,,,,,,,,,,,,,,,,,-0.04990293683,-0.04990293683,-0.04990293683,-0.04990293683,,,,,,,,,,,0.88652,,,,,,,,,,,,,,,,,,,,,,,,,,,,,,,,,,,,1,,,,,,,,,,,,,,,,,,,-0.04990293683,,,,,,,,,,,,,,,,,,,,,,,,,,
PVC production,PVC (polymer),FALSE,da1b15f3-8ef7-46d5-8797-b02aeda4da12,FALSE,,Z: Plastic Packaging,A1: Polymer Production,,,,,20.91459035,2.091459035,,,,,,,,,,,,,,,,,,,,,,,,,,,,,,,,,,,,,,,,,,,,,,,,,,,,,,,,,,,,,,,,,,-0.02091459035,-0.02091459035,-0.02091459035,-0.02091459035,,,,,,,,,,,,1030,,,,,,,,,,,,,,,,,,,,,,,,,,,,,,,,,,,,1,,,,,,,,,,,,,,,,,,-0.02091459035,,,,,,,,,,,,,,,,,,,,,,,,,,
"Pyrolysis gasoline, at plant","Pyrolysis gasoline, at plant",FALSE,f3d6e4c6-0323-3d9f-a843-b741d2a9b982,FALSE,RNA,31-33: Manufacturing,3251: Basic Chemical Manufacturing,,,,,,,,,-0.335,,,,,,,,,,,,,,,,,,,,,,,,,,,,,,,,,,,,,,,,,,,,,,,,,,,,,,,,,,,,,,,,,,,,,,,,,,,,,,,,,,,,,,,,,,,,,,,,,,,,,,,,,,,,,,,,,,,,,,1,,,,,,,,,,,,,,,,,,,,,,,,,,,,,,,,,,,,,,,,
"Quicklime, at plant","Quicklime, at plant",FALSE,c34c4451-297f-3b5c-a15f-2c16cdb52ad9,FALSE,RNA,31-33: Manufacturing,3274: Lime and Gypsum Product Manufacturing,,,,,-121.03,,,,,,,,,,,,,,,,,,,,,,-0.0305,,,,,,,,,,,,,,,,,,,,,,,,,,,,,,,,,,,,,,,,,,,,,,,,,,,,,,,,,,,,,,,,,,,,,,,,,,,,,,,,,,,,,,,,,,,,,,,,,,,,,,1,,,,,,,,,,,,,,,,,,,,,,,,,,,,,,,,,,,,,,
"Residual fuel oil, combusted in industrial boiler","Residual fuel oil, combusted in industrial boiler",FALSE,654a5cf6-185f-3d91-89ef-42442d1825e8,FALSE,RNA,22: Utilities,"2213: Water, Sewage and Other Systems",,,,,,,,,-3.20E-05,,,,,,,,,,,-8.70E-07,,,,,-6.90E-07,,,-8.00E-07,,,,,,,,,,,,,,,,,,,,3.10E-06,,3.10E-06,2.80E-06,2.80E-06,,,,-0.00011,,,,,-7.10E-10,-1.00E-07,,,,,,,,,,,,,,,-1.50E-06,,,,,,,,,,,,,,,,,,,,,,,,,,,,,,,,,-9.80E-09,,,-6.00E-06,-1.10E-05,-7.20E-07,-1.40E-06,-1.30E-06,,,,,,,,,,,,,0.001,,,,,,,,,,,,-1.60E-06,,,,-4.80E-07,-1.00E-06,,,,,,,,,,,,,,,-0.00018,,,,,
"Roundwood, hardwood, green, at logyard, SE",Bark; hardwood; green; at logyard,FALSE,a02815b0-8760-3b74-b2b6-ea070b183bbe,FALSE,US,"11: Agriculture, Forestry, Fishing and Hunting",1133: Logging,,,,,,,,,,,,,,,,,,,,,,,,,,,,,,,,,,,,,,,,,,,,,,,,,,,,,,,,,,,,,,,,,,,,,,,,,,,,,,,,,,,,,,,,,,,,,,,,,,,,,,,,,,,,,,,,,,,,,,,,,,,,,,,,,,,,21.6,,,,,,-0.01609,-0.00206,,,,,,,,,,,,,,,,,,,,,,,,,,,,
"Roundwood, hardwood, green, at logyard, SE",Roundwood; hardwood; green; at logyard,FALSE,86313deb-8b04-3f3e-b983-2b9896a410a6,FALSE,US,"11: Agriculture, Forestry, Fishing and Hunting",1133: Logging,,,,,,,,,,,,,,,,,,,,,,,,,,,,,,,,,,,,,,,,,,,,,,,,,,,,,,,,,,,,,,,,,,,,,,,,,,,,,,,,,,,,,,,,,,,,,,,,,,,,,,,,,,,,,,,,,,,,,,,,,,,,,,,,,,,,,1,,,,,-0.00182,-0.00023,,,,,,,,,,,,,,,,,,,,,,,,,,,,
"Roundwood, hardwood, green, at mill, SE",Bark; hardwood; green; at mill,FALSE,cbb91e4a-0a0f-3b79-9f6f-d54d716e05ea,FALSE,US,"11: Agriculture, Forestry, Fishing and Hunting",1133: Logging,,,,,,,,,,,,,,,,,,,,,,,,,,,,,,,,,,,,,,,,,,,,,,,,,,,,,,,,,,,,,,,,,,,,,,,,,,,,,,,,,,,,,,,,,,,,,,,,,,,,,,,,,,,,,,,,,,,,,,,,,,,,,,,,,,,,-0.8424,-20.7576,21.6,,,,,,,,,,,,,,,,,,,,,,,,,,,,,,,,,
"Roundwood, hardwood, green, at mill, SE",Roundwood; hardwood; green; at mill,FALSE,6ce8c09f-8a15-3d59-a868-8093b62c4ff4,FALSE,US,"11: Agriculture, Forestry, Fishing and Hunting",1133: Logging,,,,,,,,,,,,,,,,,,,,,,,,,,,,,,,,,,,,,,,,,,,,,,,,,,,,,,,,,,,,,,,,,,,,,,,,,,,,,,,,,,,,,,,,,,,,,,,,,,,,,,,,,,,,,,,,,,,,,,,,,,,,,,,,,,,,-0.039,-0.961,,1,,,,,,,,,,,,,,,,,,,,,,,,,,,,,,,,
"Sawn lumber, hardwood, planed, kiln dried, at planer mill, SE",Sawn lumber; hardwood; planed; kiln dried; at planer mill,FALSE,dc74c71d-c791-3d74-bc0e-8d7519f5d344,FALSE,US,31-33: Manufacturing,3211: Sawmills and Wood Preservation,,,,,,,,,,,,,,,,,,,,,,,,,,,,,,,,,,,,,,,,,,,,,,,,,,,,,,,,,,,,,,,,,,,,,,,,,,,,,,,,,,,,,,,,,,,,,,,,,,,,,,,,,,,,,,,,,,,,,,,0.002717,,,,,,,,,,,,,,,,,1,,,,,,,,,,,,,,,,,,,,,,,,,,,,,,,
"Sawn lumber, hardwood, planed, kiln dried, at planer mill, SE",Wood fuel; hardwood; kiln-dried; at planer mill,FALSE,23de2b44-d931-39f7-b2c8-d56346794608,FALSE,US,31-33: Manufacturing,3211: Sawmills and Wood Preservation,,,,,,,,,,,,,,,,,,,,,,,,,,,,,,,,,,,,,,,,,,,,,,,,,,,,,,,,,,,,,,,,,,,,,,,,,,,,,,,,,,,,,,,,,,,,,,,,,,,,,,,,,,,,,,,,,,,,,,,,,,,,,,,,,,,,,,,,,109,,,,,,,,,,,,,,,,,,,,,,,,,,-0.32,,,,
"Sawn lumber, hardwood, rough, green, at sawmill, SE",Sawn lumber; hardwood; rough; green; at sawmill,FALSE,6170b901-641c-3088-a8c0-799f9e5f766f,FALSE,US,31-33: Manufacturing,3211: Sawmills and Wood Preservation,,,,,,,,,,,,,,,,,,,,,,,,,,,,,,,,,,,,,,,,,,,,,,,,,,,,,,,,,,,,,,,,,,,,,,,,,,,,,,,,,,,,,,,,,,,,,,,,,,,,,,,,,,,,,,,,,,,,,,,,,,,,,,,,,,,,,,,,,,1,,-765,,,,,,,,,,,,,,,,,,,,,,,,,,,
"Sawn lumber, hardwood, rough, green, at sawmill, SE",Wood fuel; hardwood; green; at sawmill,FALSE,851dabd1-801f-3582-8b29-a3cdd6f65473,FALSE,US,31-33: Manufacturing,3211: Sawmills and Wood Preservation,,,,,,,,,,,,,,,,,,,,,,,,,,,,,,,,,,,,,,,,,,,,,,,,,,,,,,,,,,,,,,,,,,,,,,,,,,,,,,,,,,,,,,,,,,,,,,,,,,,,,,,,,,,,,,,,,,,,,,,,,,,,,,,,,,,,,,,,,,,0.1268,,,,,,,,,,,,,,,,,,,,,,,,-0.68,,,,
"Sawn lumber, hardwood, rough, kiln dried, at kiln, SE",Sawn lumber; hardwood; rough; kiln dried; at kiln,FALSE,f6d2d323-e3d6-3eda-a615-25122849659c,FALSE,US,31-33: Manufacturing,3211: Sawmills and Wood Preservation,,,,,,,,,,,,,,,,,,,,,,,,,,,,,,,,,,,,,,,,,,,,,,,,,,,,,,,,,,,,,,,,,,,,,,,,,,,,,,,,,,,,,,,,,,,,,,,,,,,,,,,,,,,,,,,,,,,,,,,,,,,,,,,,,,,,,,,,-1.00088,-0.18233,,,1,,,,,,,,,,,,,,,,,,,,,,,,,,,
small format plastic packaging production,small-format plastic packaging,FALSE,b7f76ddb-f308-4771-82c5-df204a4c5ca6,FALSE,,Z: Plastic Packaging,A2: Plastic Packaging Production,,,-0.10,,,,,,,,,,,,,,,,,,,,,,,,,,,,,,,,,,,,,,,,,,,,,,,,,,,,,,,,,,,,,,,,,,,,,,,,,,,,,,,,,,,,,,,,,,,,,,,,,,,,,,,,,,,,,,,,,,,,,,,,,,,,,,,,,,,,,,,,,,1,,,,,,,,,,,,,,,,,,,,,,,,,,
"Soda powder, at plant","Soda powder, at plant",FALSE,0f797f27-2207-3571-84cc-0835a943be09,FALSE,RNA,"21: Mining, Quarrying, and Oil and Gas Extraction",2123: Nonmetallic Mineral Mining and Quarrying,,,,,,,,,,,,-0.036,,,,,,,,,,,,,,,,,,,,,,,,,,,,,,,,,,,,,,,,,,,,,,,,,,,,,,,,,,,,,,,,,,,,,,,,,,,,,,,,,,,,,,,,,,,,,,,,,,,,,,,,,,,,,,,,,,,,,,,,,,,,,,,,,,1,,,,,,,,,,,,,,,,,,,,,,,,,
"Sodium chloride, at plant","Sodium chloride, at plant",FALSE,c28f9211-98eb-3509-95cc-771d8fefae51,FALSE,RNA,"21: Mining, Quarrying, and Oil and Gas Extraction",2123: Nonmetallic Mineral Mining and Quarrying,,,,,,,,,,,,,,,,,,,,,,,,,-0.88982,,,,-0.5,,,,,,,,,,,,,,,,,,,,,,,,,,,,,,,,,,,,,,,,,,,,,,,,,,,,,,,,,,,,,,,,,,,,,,,,,,,,,,,,,,,,,,,,,,,,,,,,,,,,,,,,,,,,,,,,,,1,,,,,,,,,,,,,,,,,,,,,,,,
"Sodium hydroxide; chlor-alkali average, membrane cell; at plant; 50% solution state","Sodium hydroxide; chlor-alkali average, membrane cell; at plant; 50% solution state",FALSE,d12c4a32-12a8-4673-9b14-5d227d2a128e,FALSE,RNA,31-33: Manufacturing,3251: Basic Chemical Manufacturing,,,,,,,,,,,,,,,,,,,-0.0068,,,,,,,,,,,,,,,,,,,,,,,,,,,,,,,,,,,,-0.0068,,,,,,,,,-0.046,,,,,,,,,,,,,,,,,,,,,,,,,,,,,,,,,,,,,,,,,,,,,,,,,,,,,,,,,,,,,,,,,,,,,,,,,,,,,,,,1,,,,,,,,,,,,,,,,,,,,,,,
sodium sulfate (carbon footprint process),"Sodium sulfate, at plant",FALSE,c5902052-45c9-3f0d-b355-26b464f4e196,FALSE,,Z: Plastic Packaging,Other,,,,,,,,,,,,,,,,,,,,,,,,,,,,,466,,,,,,,,,,,,,,,,,,,,,,,,,,,,,,,,,,,,,,,,,,,,,,,,,,,,,,,,,,,,,,,,,,,,,,,,,,,,,,,,,,,,,,,,,,,,,,,,,,,,,,,,,,,,,,,,,,,,1,,,,,,,,,,,,,,,,,,,,,,
"Steam, purchased by containerboard mills","Steam, purchased by containerboard mills",FALSE,caca451d-e5df-4bf4-91f8-2c4be75af6dc,FALSE,RNA,22: Utilities,"2213: Water, Sewage and Other Systems",,,,,,,,,,-0.1,,,,,,,-1.7088,,,,,,,,,,,,,,,,,,,,,,,,,,,,,,,,,,,,,,,,,-230.136,,,,,,,,,,,,,,,,,,,,,,,,,,,,,,,,,,,,,,,,,,,,,,,,,,,,,,,,,,,,,,,,,,,,,,,,,,,,,,,,,,,,,,,,1,,,,,,,,,,,,,,,,,,,,,
"Sulfur, at plant","Sulfur, at plant",FALSE,48187a93-fc4e-3c80-98c2-5b0eaafc07d4,FALSE,RNA,"21: Mining, Quarrying, and Oil and Gas Extraction",2111: Oil and Gas Extraction,,,,,,,,,,,,,,,,,,,,,,,,,,,,,,,,,,,,,,,,,,,,,,,,,,,,,,,,,,,,,,,,,,,,,,,,,,,,,,,,,,,,,,,,,,,,,,,,,,,,,,,,,,,,,,,,,,,,,,,,,,,,,,,,,,,,,,,,,,,,,,,,,,,1,-0.33,,,,,,,,,,,,,,,,,,,
"Sulfuric acid, at plant","Sulfuric acid, at plant",FALSE,f867896e-830f-31f9-975d-465b212262ef,FALSE,RNA,31-33: Manufacturing,3251: Basic Chemical Manufacturing,,,,,,,,,,,,-0.024,,,,,,,,,,,,,,-0.0092,,,-455,,,,,,,,,,,,,,,,,,,,,,,,,,,,,,,,,,,,,,,,,,,,,,,,,,,,,,,,,,,,,,,,,,,,,,,,,,,,,,,,,,,,,,,,,,,,,,,,,,,,,,,,,,,,,,,,,,,,,,,1,,,,,,,,,,,,,,,,,,,
"Transport, barge, average fuel mix","Transport, barge, average fuel mix",FALSE,4069483a-8d94-3b6b-81be-5f0a249b74f4,FALSE,RNA,48-49: Transportation and Warehousing,4832: Inland Water Transportation,,,,,,,,,,,,,,,,,,,,,-0.12662,,,,-0.00358,-0.13,,,,,-0.02843,-0.02843,,,,,,-0.05595,,-0.00945,,,,,-0.00749,,,-0.083,,-0.083,-0.079,-0.079,,-0.013,,,-0.02843,,,,,,,,,-0.74,,,,,,,,,,,,,,-0.02843,,,,,,,,,,,,,,,,,,,,,,,,,,,,-0.696,,-0.13,,,,,,,,,,,,-0.34,,,,,,,-0.0241,-0.02843,,,,,,,,,,,,,,-0.13,,,,,1,,,,,,,,,,,,,,,,,,-0.0832
"Transport, barge, diesel powered","Transport, barge, diesel powered",FALSE,a1242640-8306-366c-9c55-6dfd23e77bd7,FALSE,RNA,48-49: Transportation and Warehousing,4832: Inland Water Transportation,,,,-0.0095418,,,,,-0.03745,,,,,,,,,,,,,,,,,,,,,,,,,,,,,,,,,,,,,,,,,,,,-0.0013,,,,,,-0.0026,,,,,,,,,,,,,,,,,,,,,,,,,,,,,,,,,,,,,,,,,,,,,,,,,,,,,,-6.30E-05,-0.00012,-7.70E-06,-1.50E-05,-1.40E-05,,,,,,,,,,-0.02708,,,,,,,,,,,,,,,,,,,,,,-0.22,1,,,,,,,,,,,,,,,,,
"Transport, barge, residual fuel oil powered","Transport, barge, residual fuel oil powered",FALSE,c2cc68fe-1754-3468-a973-51c2f5c82fcd,FALSE,RNA,48-49: Transportation and Warehousing,4832: Inland Water Transportation,,,,-0.03383,,,,,-0.12453,,,,,,,,,,,,,,,,,,,,,,,,,,,,,,,,,,,,,,,,,,,,,,,,,,,,,,,,,,,,,,,,,,,,,,,,,,,,,,,,,,,,,,,,,,,,,,,,,,,,,,,,-0.00021,-0.0004,-2.50E-05,-4.90E-05,-4.70E-05,,,,,,,,,,-0.09003,,,,,,,,,,,,,,,,,,,,,,-0.78,,1,,,,,,,,,,,,,,,,
"Transport, combination truck, average fuel mix","Transport, combination truck, average fuel mix",FALSE,2afb4e2f-b224-3900-956f-03e3f27b276b,FALSE,RNA,48-49: Transportation and Warehousing,4841: General Freight Trucking,,,,,,,,,,,,,,,,,,,,,,,,,,,,,,,-0.00525,-0.00525,,,,,-0.0246,,,-0.00174,,-0.00861,-0.05921,,-0.00138,,,,,,,,,,,,-0.00525,,,,,,,,,,,,,,,,,,,,,-0.01101,,-0.00525,,,,,,,,,,,,,,,,,,,,-0.1985,-0.1985,-0.1985,-0.1985,,,-0.204,,,,,,,,,,,,-0.121,,,,,,,,,,,,-0.00525,,,,,,,,,,,,,,,,,,,,,,1,,,,,,,,,,,,,,,
"Transport, combination truck, diesel powered","Transport, combination truck, diesel powered",FALSE,628c07ec-0802-39c1-ab88-1c62848ef436,FALSE,RNA,48-49: Transportation and Warehousing,4841: General Freight Trucking,,,,-0.0049246,,,,,-0.03,,,,,,,,,,,,-0.00676,,,,,-0.00013,,,,,,,,,,,,-0.00299,,,,,,,,,,,,,,,-2.80E-06,,,-27.9,,,-3.50E-05,,,,,,,-0.00048,-0.0234,,,,,,,,,-0.00021,,,,,,,,,,,,,-0.01,,,,,,,,,,,,,,,,,,,-7.70E-05,,-0.019,,,,,,,,,,,,-0.0054,,,,,-0.03276,,-0.0805,,,,,-2.39538,-59.0246,,,,,,,,,-0.00013,,,,-0.0257,,,,-1,1,,,,,,,,,-0.0439,,-0.00393,,,
"Transport, ocean freighter, average fuel mix","Transport, ocean freighter, average fuel mix",FALSE,0e63d1db-e383-3c9a-b02a-b5eebafe87d1,FALSE,US,48-49: Transportation and Warehousing,"4831: Deep Sea, Coastal, and Great Lakes Water Transportation",,,,,,,,,,,,,,,,,,,,,,,,,,,,,,,,,,,,,,,,,,,,,,,,,,,,,,,,,,,,,,,,,,,,,,,,,,,,,,,,,,,,,,,,,,,,,,,,,,,,,,,,,,,,,,-1.53,,,,,,,,,,,,-0.41,,,,,,,,,,,,,,,,,,,,,,,,,,,,,,,,1,,,,,,,,,,,,,
"Transport, ocean freighter, diesel powered","Transport, ocean freighter, diesel powered",FALSE,6c65fc34-c25e-3eb4-bc92-15bbfc457725,FALSE,US,48-49: Transportation and Warehousing,"4831: Deep Sea, Coastal, and Great Lakes Water Transportation",,,,,,,,,,,,,,,,,,,,,,,,,,,,,,,,,,,,,,,,,,,,,,,,,,,,,-1.66,,,-7.89,,,,,,,,,,,,,,,,,,,,,,,,,,,,,,,,,,,,,,,,,,,,,,,,,,,,-0.102,,,,,-0.10719,-0.20639,-0.01303,-0.02523,-0.02395,,,,,,,,,,,,,,,,,,,,,,,,,,,,,,,-0.16152,,,,,,-0.1,1,,,,,,,,,,,,
"Transport, ocean freighter, residual fuel oil powered","Transport, ocean freighter, residual fuel oil powered",FALSE,735f1d86-f99a-3ffa-adae-176c545744ab,FALSE,US,48-49: Transportation and Warehousing,"4831: Deep Sea, Coastal, and Great Lakes Water Transportation",,,,,,,,,,,,,,,,,,,,,,,,,,,,,,,,,,,,,,,,,,,,,,,,,,,,,,,,-71,,,,,,,,,,,,,,,,,,,,,,,,,,,,,,,,,,,,,,,,,,,,,,,,,,,,,,,,,-0.96467,-1.85747,-0.11728,-0.22706,-0.21559,,,,,,,,,,,,,,,,,,,,,,,,,,,,,,,-1.45369,,,,,,-0.9,,1,,,,,,,,,,,
"Transport, pipeline, natural gas","Transport, pipeline, natural gas",FALSE,057a281a-908b-3adf-8f51-ed79fe5c5a9b,FALSE,RNA,48-49: Transportation and Warehousing,4862: Pipeline Transportation of Natural Gas,,,,-0.49246,,,,,,,,,,,,,,,-0.006,,,,,,,,,,,,,,,,,,,,,,,,-0.35372,,,,,-0.826,,-0.826,-0.868,-0.868,,,-0.006,,,,-0.022,,,,,-0.003,,,-0.0468,,,,,,,,,-0.028,,,,-0.04131,,,,,,,,,-1,,,,,,,,-0.00042,,-0.00042,-1.186,-1.186,-1.186,-1.186,,,,,,,-0.00024,,,,,,,,,,,-0.038,,,,,,-1.10667,,,,,,,,,,,,,,,,,-0.025,,,,-0.14124,,,,,,,,,1,,,,,,,,,,
"Transport, pipeline, unspecified petroleum products","Transport, pipeline, unspecified petroleum products",FALSE,acbe5bc4-6afd-31aa-bf3f-4a3fdc491945,FALSE,RNA,48-49: Transportation and Warehousing,4869: Other Pipeline Transportation,,,,-0.00086744,,,,,-0.23725,,,,,,,,,,-0.017,,,,,,-0.32643,-0.025,,,,,-0.04131,-0.04131,,,,,,,,-0.01374,,,,,,,,-0.002,-0.034,-0.002,-0.002,-0.002,-0.00015,-0.0165,-0.017,,-0.04131,,,,,,,,,-0.001,,,,,,,,,,,,,,,,,,,,,,,,,,,,,,,,,,,,,,,,,,-0.077,,,,,-0.14269,-0.27476,-0.01735,-0.03359,-0.03189,,,,,-0.0011,-0.011,,,,-0.17024,,,,,,,,,,,,,,,,,,,,,-0.21557,,,,,,,,,,1,,,,-0.345,,,,,-0.0161
"Transport, single unit truck, diesel powered","Transport, single unit truck, diesel powered",FALSE,bbcd8095-e1d5-3762-aa08-3efc8d1d2ec4,FALSE,RNA,48-49: Transportation and Warehousing,4841: General Freight Trucking,,,,,,,,,,,,,,,,,,,,,,,,,,,-0.0165,,,,,,,,,,,,,,,,,,,,,,,,,,,,,,,,,,,,,,,,,,,,,,,,,,,,,,,,,,,,,,,,,,,,,,,,,,,,,,,,,,,,,,,,,,,,,,,,,,,,,,,,,,,,,,,,,,,,,,,,,,,,,,,,,,,,1,,,,,,,,
"Transport, train, diesel powered","Transport, train, diesel powered",FALSE,73c7494d-4e93-3769-896b-8bb82f0dfccc,FALSE,RNA,48-49: Transportation and Warehousing,4821: Rail Transportation,,,,-0.0049246,,,,,-0.15128,,,,,,,,,,-0.064,,-1.043,,,,-0.00358,-0.00074,-0.044,,,,-0.00336,-0.00336,,,,,-0.01055,-0.46079,,-0.00112,,-0.00081,-0.00354,,-0.00088,,,,,,,,-0.1,,-0.064,,-0.00336,,-0.0045,,,,,,,-0.00418,-0.00819,,,,,,,,,-3.40E-06,,-0.00103,,-0.00336,,,,,,,,,-0.01,,,,,,,,,,,-0.01186,-0.01186,-0.01186,-0.01186,,,-0.62,,,,-0.33,,,,,,,,-2.25,,,,-0.1,-0.33,,,,-0.0249,,-0.0161,-0.00336,,,,,,,,,,,,,,-0.00074,,,,-0.00141,,,,,,,,,,,,1,,-0.028,,,,,
Water,"Water, at plant",FALSE,8403a6f4-f5cd-3742-b3c5-c12906b900ff,FALSE,,Z: Plastic Packaging,Other,,,,,,,,,,,-24,-4.224,,,,,-1.425,-50.9435,-1.4,,,,,,,,,,-3465.9,,,,,,,,,,,,,,,,,,,,-0.31,-3.5,-3.3,-3.3,-1.3,-0.0083,-1.4,,,-1,,,,,,,,,,,,,,,,,,,,,,,,-2.364,-2.41546,-1,-2.36407,-2.36407,-2.55,,,,,,,,,,,,,,,,,,,,,,-2344,,,,,,,,,,,,,,,,,,,,,,,,,,,,,,,,,,,,,,,,,,,,,,,,,,,,1,,,,,,
"White mineral oil, at plant","White mineral oil, at plant",FALSE,5b187fd4-1b60-3d48-83b7-bf743efcbd86,FALSE,RNA,31-33: Manufacturing,3241: Petroleum and Coal Products Manufacturing,,,,,,,,,,,,,,,,,,,,,,,,,,,,,,,,,,,,,,,,,,,,,,,,,,,,,,,,,,,,,,,,,,,,,,,,,,,,,,,,,,,,,,,,,,,,,,,,,,,,,,,,,,,,,,,,,,,,,,,,,,-0.0138,,,,,,,,,,,,,,,,,,,,,,,,,,,,,,,,,,,,,,,,1,,,,,
"Wood fuel, hardwood, generated at lumber mill, combusted in industrial boiler, SE",Wood fuel; hardwood; gen at lumber mill; combusted in industrial boiler,FALSE,75c3bc19-9aeb-30a9-a43f-c862c7354c85,FALSE,US,22: Utilities,"2213: Water, Sewage and Other Systems",,,,,,,,,,,,,,,,,,,,,,,,,,,,,,,,,,,,,,,,,,,,,,,,,,,,,,,,,,,,,-0.0003,-0.04233,,,,,,,,,,,,,,,,,,,,,,,,,,,,,,,,,,,,,,,,,,,,,,,,,,,,,,,,,,,,,,,,,,,,,,,,,,,,,,,,,,,,,,,,,,,,,,,,,,,,,1,,,,
"Wood fuel, hardwood, purchased, combusted in industrial boiler, SE",Wood fuel; hardwood; purchased; combusted in industrial boiler,FALSE,ccf86743-6a0f-39d5-949e-6b2950bae209,FALSE,US,22: Utilities,"2213: Water, Sewage and Other Systems",,,,,,,,,,,,,,,,,,,,,,,,,,,,,,,,,,,,,,,,,,,,,,,,,,,,,,,,,,,,,-4.60E-05,-0.00651,,,,,,,,,,,,,,,,,,,,,,,,,,,,,,,,,,,,,,,,,,,,,,,,,,,,,,,,,,,,,,,,,,,,,,,,,,,,,,,,,,,,,,,,,,,,,,,,,,,,,,1,,,
"Wood fuel, unspecified","Wood fuel, unspecified",FALSE,ba4fbc4f-a9ab-387c-8bdd-9308dc19f404,FALSE,RNA,22: Utilities,"2213: Water, Sewage and Other Systems",,,,,,,,,,,,,,,,,,,,,,,,,,,,,,,,,,,,,,,,,,,,,,,,,,,,,,,,,,,,,,,,,,,,,,,,,,,,,,,,,,,,,,,,,,,,,,,,,,,,,,,,,,,,,,,,,,,,,,,,,,,,,,,,,,,,,,,,,,,,,,,,,,,,,,,,,,,,,,,,,,,,-1,1,-1,
"Wood waste, unspecified, combusted in industrial boiler","Wood waste, unspecified, combusted in industrial boiler",FALSE,1a76ed77-b97d-3070-85b7-b1f41906cece,FALSE,RNA,22: Utilities,"2213: Water, Sewage and Other Systems",,,,,,,,,,,,,,,,,,,,,,,,,,,,,,,,,,,,,,,,,,,,,,,,,,,,,,,,,,,,,,,,,,,,,,,,,,,,,,,,,,,,,,,,,,,,,,,,,,,,,,,,,,,,,,,,,,,,,,,,,,,,,,,,,,,,,,,,,,,,,,,,,,-0.00108,,,,,,,,,,,,,,,,,,,,1,
"Xylenes, mixed, produced from naphtha, at plant, kg","Xylenes, mixed, at plant, kg",FALSE,77abdac3-53ca-4ee2-be95-3b3686c3e556,FALSE,RNA,31-33: Manufacturing,3251: Basic Chemical Manufacturing,,,,,,,,,,,,,,,,,,,,,,,,,,,,,,,,,,,,,,,,,,,,,,,,,,,,,,,,,,,,,,,,,,,,,,,,,,,,,,,,,,,,,,,,,,,,,,,,,,,,,,,,,,,,-0.996,,,,,,,,,,,,,,,,,,,,,,,,,,,,,,,,,,,,,,,,,,,,,,,,,,,,,,,,,,,1