,,,,,,UUID,0cbbf9b1-046d-4ee3-9f3c-5e36d1106ea0,50ebf511-957b-4574-9af2-7360dbe85e12,bdf08279-10bf-4157-80dd-6e21f79ee676
,,,,,,Sub category,Global Warming Potential (GWP) - without carbon sequestration,marine biodiversity loss due to macroplastic pollution,marine eco-toxicity due to microplastic pollution
,,,,,,Category,GWP-plastic pollution,GWP-plastic pollution,GWP-plastic pollution
,,,,,,Unit,kg CO2eq,,
UUID,Category,Sub category,Elementary flowname,Elementary flow location,Unit,,,,
0c56aee4-7e22-3e85-8e83-34829f3e8304,emission,air,"1,1,1-Trichloroethane",,kg,,578,,
c2d517e6-4c5d-3002-8a0d-54434c5a3bae,emission,air,"1,2-Dichloroethane",,kg,,3,,
b7503034-5946-3ef9-8fa9-ec016ce41da9,emission,water,"1,2-Dichloroethane",,kg,,,,
8d90c736-6a06-339d-9a87-9c4af38d3def,water,fresh water body,"1,2-Dichloroethane",,kg,,,,
2d0f23de-fd8c-3a3d-93f8-8c4265b1540a,water,fresh water body,"1,2-Dichloropropane",,kg,,,,
baa8a7f5-a708-359a-9af3-4f1279daaaf5,emission,air,"1,3,5-Trimethylbenzene",,kg,,,,
457411b2-4dac-3eb2-965d-97b60660afa2,emission,air,"1,3-Butadiene",,kg,,,,
1f799425-898b-34ee-9bff-250472b98b2e,emission,water,"1,3-Butadiene",,kg,,,,
075caf7c-f1a3-353e-ab5a-3460346ed59f,water,fresh water body,"1,4-Butanediol",,kg,,,,
f5fa456c-34ed-39a3-868a-377e30ed76c6,emission,air,"1,4-Dioxane",,kg,,,,
b51f43e4-5a5f-3eb7-921f-6d3746d33fb6,emission,water,"1,4-Dioxane",,kg,,,,
ad64464c-1ff3-36e2-b7cd-8e404a62f7f2,emission,air,1-Butene,,kg,,,,
f5a30284-67a4-3a99-83ee-b7a486a2d196,emission,air,1-Hexene,,kg,,,,
47c8b76f-f52e-3f52-bccf-19eb92a9fd54,emission,water,1-Methylfluorene,,kg,,,,
837fe205-9c25-3550-84bc-3f5285f9a25d,emission,air,1-Octene,,kg,,,,
f0540274-e177-35aa-aaca-2c33298ba3ff,emission,air,1-Pentene,,kg,,,,
3b981d82-2f3d-3ac0-89b5-5e38b91ef0f3,emission,air,"2,2,4-Trimethylpentane",,kg,,,,
290f3103-7be5-3af3-a342-634902137bd6,emission,air,"2,2-Dimethylbutane",,kg,,,,
ceb19cad-78ed-3635-902c-d7ac03e5b830,emission,air,"2,3,7,8-Tetrachlorodibenzo-p-dioxin",,kg,,,,
c7e05642-0ebb-3835-8654-21192725df17,emission,water,"2,3,7,8-Tetrachlorodibenzo-p-dioxin",,kg,,,,
6bb0e0ee-59dd-3795-b0fb-ffbdf23ec4b4,water,fresh water body,"2,3,7,8-Tetrachlorodibenzo-p-dioxin",,kg,,,,
bf073873-5100-3546-aee6-d21dbd90d384,emission,water,"2,4-D",,kg,,,,
92781bd2-3da5-358a-b642-b23de7896267,troposphere,rural,"2,4-D",,kg,,,,
15822ba2-73d7-3e80-946c-35ed2cc639b9,emission,air,"2,4-Dimethylpentane",,kg,,,,
c979ddf8-5576-36eb-bc76-040e01f99cc6,emission,water,"2,4-Dimethylphenol",,kg,,,,
7fdbc046-29ad-3377-a9c1-a45031e0cd53,emission,air,"2,4-Dinitrotoluene",,kg,,,,
bc661fdc-7c3a-3ce3-81dd-7c3ac1f859a8,air,stratosphere,2-Chloroacetophenone,,kg,,,,
f7cebd38-4cdb-39ba-aa58-b9970b32743c,emission,water,2-Hexanone,,kg,,,,
3081c013-5a24-3fc7-a0c6-65f9e56f424f,emission,air,2-Methyl-1-butene,,kg,,,,
92c83b8e-2ed2-31af-a119-b29023aa3798,emission,air,2-Methylbutane,,kg,,,,
8ec9de49-e009-3d2f-bc58-502fb0da5a3f,emission,water,2-Methylnaphthalene,,kg,,,,
5131a370-a6cf-3a72-8756-6aa30666e3f7,emission,air,2-Methylpentane,,kg,,,,
e938bd59-d414-3da4-b524-a13c18a50706,emission,water,3-Methylcholanthrene,,kg,,,,
67fc25e9-c934-3213-9c88-87e045a47114,emission,air,3-Methylpentane,,kg,,,,
689bb4bc-1069-3de7-94fd-c256d74764dc,emission,air,"3-Pyridinecarboxamide, N-(2,4-difluorophenyl)-2-[3-(trifluoromethyl)phenoxy]-",,kg,,,,
c1fc1cb6-04b6-30a7-bd06-3a44a9fad81a,water,fresh water body,"3-Pyridinecarboxamide, N-(2,4-difluorophenyl)-2-[3-(trifluoromethyl)phenoxy]-",,kg,,,,
647cac25-44c0-35e5-88c8-8935f2660071,emission,air,5-Methylchrysene,,kg,,,,
a1786d5d-c7f9-3cb2-9879-cf0325b72658,emission,water,"7,12-Dimethylbenz[a]anthracene",,kg,,,,
43aed9d7-5a9b-3f3e-8d51-cc8bebd9a9a1,emission,air,Acenaphthene,,kg,,,,
95490eeb-fffb-3828-ad0e-ebd731bbcedf,saline water body,ocean,Acenaphthene,,kg,,,,
d20b3f6a-a795-349c-b987-1dfc003f7903,water,fresh water body,Acenaphthene,,kg,,,,
34b07e52-3833-3665-aeec-01aed3f78362,emission,air,Acenaphthylene,,kg,,,,
0c708119-2e2d-3534-ad8a-fcecb013efbe,saline water body,ocean,Acenaphthylene,,kg,,,,
dbfe33c6-621c-3122-80db-f1c2b387969b,water,fresh water body,Acenaphthylene,,kg,,,,
09dc3fe9-7e57-321f-9e04-34375bf2a0b7,emission,air,Acetaldehyde,,kg,,,,
3f8a34ba-763d-3596-84fc-736361389987,emission,water,Acetaldehyde,,kg,,,,
7a4d317f-256d-3438-8a96-90ece2935d31,emission,air,Acetic acid,,kg,,,,
ff96e0a1-754b-3426-b69f-9d6e0f5842f6,emission,ground,Acetic acid,,kg,,,,
bffbba00-357a-3d54-8f8b-bdd5476ba8a3,emission,water,Acetic acid,,kg,,,,
837af52a-087b-3f51-8a1a-1a0c19f6fbc5,saline water body,ocean,Acetic acid,,kg,,,,
0c63758a-3b57-31a2-a3ca-8b97c1bfab4b,water,fresh water body,Acetic acid,,kg,,,,
b226d15c-c2e3-3059-bb74-322e3d3fe53d,emission,air,Acetochlor,,kg,,,,
e4a6d76f-7108-3fd3-a47f-22732dbf42aa,emission,water,Acetochlor,,kg,,,,
3135b625-c291-3f2f-bd59-9f628a66a6a9,troposphere,rural,Acetochlor,,kg,,,,
abeb121f-ddf8-38c1-b527-cdd50f032412,water,fresh water body,Acetochlor,,kg,,,,
da3e01c8-7dec-3bce-97d7-a2a787b9bd79,emission,air,Acetone,,kg,,,,
031590c9-2a66-3ecc-8f20-613e5fe40c1a,emission,water,Acetone,,kg,,,,
8384736f-93e4-3edc-af93-47bdc7ef9fc7,emission,air,Acetophenone,,kg,,,,
ec6f9700-243e-4986-b415-42ceb883e2d0,Technosphere Flows,CUTOFF Flows,acetylene,,kg,,,,
3d558588-1b21-320f-b384-5d25c8a87bf4,emission,water,Acid compounds,,kg,,,,
ba9cee15-a144-3c38-9a3b-36931d4e64e9,emission,air,Acrolein,,kg,,,,
f5bb2d1e-1a7a-3587-8922-d711ec7e6ea4,emission,air,Acrylonitrile,,kg,,,,
35fcfbb9-8a7c-3bd2-81ec-fcd5f3fdc02c,water,fresh water body,Acrylonitrile,,kg,,,,
db58a828-2128-4c11-80b7-05d889a3139e,CUTOFF Flows,ecoinvent 3.2,activated silica,,kg,,,,
6b3108d3-8d9a-37c7-a703-50823fcfa471,emission,air,Adsorbable organic halides,,kg,,,,
5a576c3d-b3c9-3fba-9bd7-de61fb2611a6,saline water body,ocean,Adsorbable organic halides,,kg,,,,
494bf4dc-25c0-32b5-bbd1-ba966dc756bd,water,fresh water body,Adsorbable organic halides,,kg,,,,
e11a4509-4bf4-36db-9a52-a905c4d61581,ground,subterranean,Aggregate,,kg,,,,
6a73b431-8d03-30a0-a54f-1feb90124f47,Technosphere Flows,CUTOFF Flows,"Agrochemicals, at plant",,kg,,,,
7a1c82ee-6505-3348-96a3-96f4eb32a325,emission,air,Air,,kg,,,,
fe676e41-1df5-3f0f-9006-ca7e0ab442db,Resource,air,Air,,kg,,,,
8599e263-6ba7-371f-9781-940f34ccf742,emission,water,Alachlor,,kg,,,,
51292556-d521-3c0f-a49a-5ce9ce111e3d,troposphere,rural,Alachlor,,kg,,,,
f4fd849f-fa57-380a-94f8-ddbe012f36a8,water,fresh water body,Alachlor,,kg,,,,
39bd71e3-a5cb-318a-8363-1872c1478f5c,emission,air,"Alcohols, ethoxylated C12-14",,kg,,,,
362f59ba-5bb1-3a44-aaa1-ce7a3e60d0e2,emission,air,Aldehydes,,kg,,,,
7fcdec62-bc1b-364f-a2b3-095db476af5e,emission,air,"Aldehydes, C5",,kg,,,,
9a36d2c5-a47d-3020-9dd2-00b6713b2e0c,emission,air,"Aldehydes, unspecified",,kg,,,,
58f16380-f226-4bdc-ad8d-344d24104d1d,Technosphere Flows,CUTOFF Flows,"alkylbenzene sulfonate, linear, petrochemical",,kg,,,,
10994741-b387-3aef-a485-1b3bb7f32268,Technosphere Flows,CUTOFF Flows,"Aluminium sulphate, powder, at plant",,kg,,,,
314e4cef-5385-3262-bdb6-a756c7817579,emission,air,Aluminum,,kg,,,,
ce7ca5a4-4642-3f68-b2e6-61853872844d,emission,ground,Aluminum,,kg,,,,
2b8613fe-c7db-355d-9754-baebbc92512f,emission,water,Aluminum,,kg,,,,
0c7bf457-0e1a-3f6f-9fab-1fc556516e25,human-dominated,agricultural,Aluminum,,kg,,,,
0e8bf072-b48b-38b0-8c24-7de78a475769,saline water body,ocean,Aluminum,,kg,,,,
f5936996-ef49-39ad-9cf0-591b0e026f7d,water,fresh water body,Aluminum,,kg,,,,
ad176e5a-7abc-380d-a365-f17d52bf6584,emission,water,Aluminum(III),,kg,,,,
95f4b6ba-e403-398e-b82b-876eaa86e68f,water,fresh water body,Americium-241,,kBq,,,,
65b5d5dd-95b5-36b2-8cb0-7c5501ff1e32,emission,air,Ammonia,,kg,,,,
1633cea3-311a-3667-a428-419522a8065d,emission,ground,Ammonia,,kg,,,,
2d117fdd-370d-331c-b07c-b0172c4a10ef,emission,water,Ammonia,,kg,,,,
12077bdf-11eb-3d63-bc89-7102b9692519,saline water body,ocean,Ammonia,,kg,,,,
854dd1a0-00d8-3f1c-a134-26f136cd3fd7,troposphere,rural,Ammonia,,kg,,,,
f90c330f-5759-3886-8fc5-c2b6c46d216e,water,fresh water body,Ammonia,,kg,,,,
24248309-5f3a-3134-9227-e9084be9102d,emission,air,Ammonium,,kg,,,,
d9134087-d959-37a7-b2b0-6c8a620f4c4d,emission,water,Ammonium,,kg,,,,
048c7312-0e5b-3645-8047-eb4413d2a2d6,saline water body,ocean,Ammonium,,kg,,,,
1b77af6c-63a9-3aa3-90e6-a0784756df75,water,fresh water body,Ammonium,,kg,,,,
cf3a10a8-cc6a-3bf5-ada3-b2626091ed50,emission,air,Ammonium chloride,,kg,,,,
712f5239-6b2b-34f5-ae19-5b5265bd123c,Technosphere Flows,CUTOFF Flows,"Ammonium sulfate, at plant",,kg,,,,
5aaca76f-ed8b-3dc6-9cb3-597421c567ac,emission,air,Anthracene,,kg,,,,
7a795e15-85c9-3b42-b787-877707680d93,saline water body,ocean,Anthracene,,kg,,,,
2975273d-d4e8-3568-9433-a2ccedd0e769,water,fresh water body,Anthracene,,kg,,,,
9de688f4-2302-3557-b50c-0f1d304977f4,emission,air,Antimony,,kg,,,,
a6ec695d-c0d4-36a0-8ce6-afaa4239590c,emission,ground,Antimony,,kg,,,,
dde20124-511b-3e0d-8834-5ddd88e15cba,emission,water,Antimony,,kg,,,,
1f7bf7c4-d8aa-393c-82e7-26832e7b0b62,ground,subterranean,Antimony,,kg,,,,
1d691e64-4f46-3268-96c9-64d4e7758e80,Resource,ground,Antimony,,kg,,,,
a63fdbc0-0c6a-33df-a035-71dc7fc7705b,water,fresh water body,Antimony,,kg,,,,
db0b47cf-3c13-3958-9e37-70222d72e5e1,emission,air,Antimony-124,,kBq,,,,
2961b64e-06ee-32d0-813c-81e17ae33b41,water,fresh water body,Antimony-124,,kBq,,,,
8d8c78fb-00f4-3abd-b43b-a8de2d51e551,water,fresh water body,Antimony-125,,kBq,,,,
b7816a89-bb03-328a-8f01-e57d790cdc60,emission,air,Argon,,kg,,,,
0595730a-def1-336a-be91-4d481dfdf1aa,emission,air,Argon-41,,kBq,,,,
8cd40628-79b2-3a83-aa05-dc40ae815266,emission,air,Aromatic hydrocarbons,,kg,,,,
b2d3d158-5bed-3e75-b20b-7a9de6586708,saline water body,ocean,Aromatic hydrocarbons,,kg,,,,
ba0f172d-2abf-3341-9631-c4c7a023da9c,water,fresh water body,Aromatic hydrocarbons,,kg,,,,
2b16d0b5-4713-3bb8-be5b-905382f0e8a8,emission,air,Arsenic,,kg,,,,
e3955c32-e6a0-3b4b-baad-5055042a8dbb,emission,water,Arsenic,,kg,,,,
3a976857-86a0-3cdf-a41e-b1dfa9c17085,water,fresh water body,Arsenic,,kg,,,,
0e4c2745-1f35-3295-96b9-c7e0efe54e9e,emission,air,Arsenic(III) trioxide,,kg,,,,
3fabe8db-c3b5-3701-823e-a3ff0b245710,emission,air,Arsenic(V),,kg,,,,
c49b23d3-a86b-39f2-adfc-56cf928d39e7,emission,ground,Arsenic(V),,kg,,,,
e3bcc418-eca5-39a0-a128-e2716b806624,emission,water,Arsenic(V),,kg,,,,
f04f8dd1-7fd7-32a2-a266-e3d548061e9f,human-dominated,agricultural,Arsenic(V),,kg,,,,
d0179280-5ab2-3a35-8632-f502bd20d04e,saline water body,ocean,Arsenic(V),,kg,,,,
db3c35b3-4b5a-38b3-9d81-8ac658c741c8,water,fresh water body,Arsenic(V),,kg,,,,
d451b9a9-13bd-3679-9c5c-3a68b809dd1a,emission,air,Arsine,,kg,,,,
0b2ad544-7f5a-3208-8a4e-32278a844b9e,emission,air,Atrazine,,kg,,,,
fb555654-c1ae-3a4c-be73-4e52bd420d80,emission,water,Atrazine,,kg,,,,
ea60ee48-3084-34a0-9067-f72fbaf952ae,troposphere,rural,Atrazine,,kg,,,,
74274d24-6752-3bd8-9364-a8adb87fc450,water,fresh water body,Atrazine,,kg,,,,
7a868452-3943-3803-9dc9-0696f628c3e3,ground,subterranean,Barite,,kg,,,,
2c5aef1c-7cf7-30ee-8a87-ba4682327767,emission,air,Barium,,kg,,,,
a1e9b66c-ac46-35e8-bba3-318f6556a90f,emission,water,Barium,,kg,,,,
06cf4a62-07fb-3b84-9556-66d4fa5768fb,saline water body,ocean,Barium,,kg,,,,
e8f10c89-0a16-30e6-8410-1300de5e8647,water,fresh water body,Barium,,kg,,,,
80e2a33d-c18f-36b9-8437-34696f075df9,"11: Agriculture, Forestry, Fishing and Hunting",1133: Logging,Bark; hardwood; average; High Intensity Management,US,kg,,,,
39e5fecd-0772-3879-8636-7e25c6a5423b,"11: Agriculture, Forestry, Fishing and Hunting",1133: Logging,Bark; hardwood; average; Low Intensity Management,US,kg,,,,
201779e6-7154-34a9-91a2-e9cde5a5af76,"11: Agriculture, Forestry, Fishing and Hunting",1133: Logging,Bark; hardwood; average; Med Intensity Management,US,kg,,,,
70d83401-4d51-369b-9e27-185cf85d580b,ground,subterranean,Basalt,,kg,,,,
3d1f6017-e8ab-33b4-bf1b-76a0ea8769b0,ground,subterranean,Bauxite,,kg,,,,
0c9f874c-118e-3335-8095-2d1d284d756b,emission,air,Benomyl,,kg,,,,
9b8a6220-923a-311a-b240-fa0e65461337,water,fresh water body,Benomyl,,kg,,,,
9f6b69d5-78f2-35a2-82b2-44dc2fdc9fd5,emission,air,Bentazon,,kg,,,,
b6d9bcfb-e1f1-3a0f-911c-e3f864a791f4,emission,water,Bentazon,,kg,,,,
8bab6c00-b3a5-3e4f-9487-11ddc867efcf,troposphere,rural,Bentazon,,kg,,,,
76346438-9abb-33a0-8f8d-7ec155aa22a1,water,fresh water body,Bentazon,,kg,,,,
a95f1103-bc4d-3073-9d96-0e564e9d87ca,ground,subterranean,Bentonite,,kg,,,,
248c35a7-7964-3f7b-aff8-9f29e983835e,emission,air,Benz[a]anthracene,,kg,,,,
ad59d259-5600-3d2d-8f23-4430da491c19,saline water body,ocean,Benz[a]anthracene,,kg,,,,
8eae52c0-c300-3d34-bda9-e4f1ba24fd65,water,fresh water body,Benz[a]anthracene,,kg,,,,
565c5d1a-1e0e-35f3-82a0-4845c43d3dcf,emission,air,Benzene,,kg,,,,
67999cea-e58a-3044-95a9-4b45269260fd,emission,water,Benzene,,kg,,,,
2eec88e9-8dd5-3b4b-a7b4-60a376ece76b,saline water body,ocean,Benzene,,kg,,,,
c238c5e2-5c64-34a7-b6f2-74d3c16c7d9a,water,fresh water body,Benzene,,kg,,,,
6e1d6c76-51e8-3719-92a2-aaabf23f3405,emission,water,"Benzene, pentamethyl-",,kg,,,,
6187175f-c6b5-313b-9128-f3a0a1ccd2c5,emission,water,"Benzenes, alkylated, unspecified",,kg,,,,
76bd7eb9-a592-319f-9234-9a469de5bd59,emission,air,Benzo[a]pyrene,,kg,,,,
c19f72d2-41a0-3218-ba4f-61fa392accd6,emission,air,Benzo[ghi]perylene,,kg,,,,
fcf65d36-ae15-3066-80c2-b624e04c6380,emission,air,Benzo[k]fluoranthene,,kg,,,,
fe4b4bfe-d27a-3bde-a241-b99af3c0fed3,saline water body,ocean,Benzo[k]fluoranthene,,kg,,,,
4b86eef1-97c6-3589-a521-e76d84b2f2e2,water,fresh water body,Benzo[k]fluoranthene,,kg,,,,
24cfa2d1-ba72-371f-9d3f-cc121bc063f1,emission,air,Benzofluoranthene,,kg,,,,
5c933cba-c160-37f0-b440-4610ed27d1f5,emission,air,Benzoic acid,,kg,,,,
919666cc-3aa4-3706-b883-2d25484d4532,emission,water,Benzoic acid,,kg,,,,
f0616d3c-8ad2-364a-aaae-42f0651f32e8,emission,air,Benzyl chloride,,kg,,,,
0346d063-4db1-3f52-a695-892c4c98d443,emission,air,Beryllium,,kg,,,,
da0f6c12-b6ba-366a-8d62-4e373f300ffa,emission,ground,Beryllium,,kg,,,,
c00fa432-1dcc-3bf3-870f-4043c05cc887,emission,water,Beryllium,,kg,,,,
2f2ad6e9-8c20-364d-85cc-7e4411fc5971,saline water body,ocean,Beryllium,,kg,,,,
dd6a8edb-cea2-3126-a84b-a9c26cd35afb,water,fresh water body,Beryllium,,kg,,,,
9abff9b8-f8b2-367d-827b-4657ccaa788a,emission,air,Beta Cypermethrin,,kg,,,,
5bce89c0-980e-3cf8-b85a-4c7570b7100a,water,fresh water body,Beta Cypermethrin,,kg,,,,
869b1948-3e39-3b70-a244-f4f543cbf690,saline water body,ocean,Bicarbonate,,kg,,,,
27b840cc-1f41-3943-8ea8-6d68b44b7f81,emission,water,Biological Oxygen Demand,,kg,,,,
d4f19cbf-24bf-3a8d-84aa-6c776ff39d07,saline water body,ocean,Biological Oxygen Demand,,kg,,,,
de5c105a-0bcb-3fd6-8084-ec2171ef0ba8,water,fresh water body,Biological Oxygen Demand,,kg,,,,
7feeb363-fbeb-37ad-937f-080834b9dc35,Resource,biotic,Biomass,,kg,,,,
52e6476c-bc9d-3aa2-bfb8-6597393b87d1,emission,air,Biphenyl,,kg,,,,
1e9fb400-240f-31cf-8074-00580c0207a3,emission,water,Biphenyl,,kg,,,,
521aa9f0-ee9f-3707-a478-2acf2aee18ef,water,fresh water body,Biphenyl,,kg,,,,
921108da-9a53-35de-a199-ba88837f7cb8,ground,subterranean,Borax,,kg,,,,
51b96ba3-3dc1-32f4-94e6-47601e4754ae,emission,air,Boron,,kg,,,,
57152560-592a-383f-89b1-a77d7d432ad8,emission,water,Boron,,kg,,,,
a2521e3d-15d4-3de2-aead-6f0de4a4b8f5,saline water body,ocean,Boron,,kg,,,,
63d60885-ab24-3304-b372-6f332ad44f5a,water,fresh water body,Boron,,kg,,,,
89584f63-2678-3043-8110-e46c4a01eb48,water,fresh water body,Bromate,,kg,,,,
657c8dde-eebb-3e7c-88b7-1ca71cffffd7,emission,ground,Bromide,,kg,,,,
7d2d94b8-a7a3-3670-b74d-1fc75b7ed55e,emission,water,Bromide,,kg,,,,
b3c70893-3c45-341e-903a-3dd226382175,emission,air,Bromine,,kg,,,,
2418f55e-47af-32bb-b4ad-b04165a9541d,water,fresh water body,Bromine,,kg,,,,
41e17c29-103f-3cb2-80c3-c6a85d4faa4a,emission,water,Bromoxynil,,kg,,,,
7dc937e1-56e9-323f-8aa2-7aadad8990ba,troposphere,rural,Bromoxynil,,kg,,,,
f6a30f66-1274-3c09-beb7-c5fd91d11659,emission,air,Butane,,kg,,,,
d5a296be-7219-3921-a430-cff172ac7911,emission,air,Cadmium,,kg,,,,
db320dbb-61e7-31d0-a289-d65d7ec948cc,emission,ground,Cadmium,,kg,,,,
c8fc19c6-279e-312a-8e29-2e20f9f78026,human-dominated,agricultural,Cadmium,,kg,,,,
e76f0d86-666f-3919-89d8-5407897f38f2,saline water body,ocean,Cadmium,,kg,,,,
e436ce9e-15f5-3e8e-9d08-c4f48a7153a0,water,fresh water body,Cadmium,,kg,,,,
c3ff0a51-912f-3024-ad17-f52074cfd989,emission,water,Cadmium(II),,kg,,,,
98cfca02-c594-3890-a242-18c86de14553,emission,ground,Calcium,,kg,,,,
5408dd06-70db-3ce6-b304-c391983fd003,emission,water,Calcium,,kg,,,,
49a1544c-9133-3408-8230-9ff6df996d40,ground,subterranean,Calcium,,kg,,,,
0d15782f-f513-3980-8bb0-203988c1c5df,saline water body,ocean,Calcium,,kg,,,,
6b345f2c-0e01-362c-b30e-ba67b0ec82d1,water,fresh water body,Calcium,,kg,,,,
a14e3147-67e1-3352-8661-63422edd170f,ground,subterranean,Calcium carbonate,,kg,,,,
48036f29-2136-399c-878e-bb10e0580800,ground,subterranean,Calcium chloride,,kg,,,,
00be59d0-ecd7-35ff-86e6-9bd2a790f0c6,emission,water,Calcium(II),,kg,,,,
133271d6-37c8-3f4f-89cf-992a77bb2857,emission,air,Caprolactam,,kg,,,,
f8c1e692-1c14-34b8-85ca-5f520d341586,emission,air,Carbofuran,,kg,,,,
1f9a6be3-28c2-3957-af9a-776e56fad108,emission,water,Carbofuran,,kg,,,,
6374e337-3dfd-348d-a8dc-3e57cd532581,troposphere,rural,Carbofuran,,kg,,,,
05e79550-9068-3d69-b2f8-b5a97927afaa,water,fresh water body,Carbofuran,,kg,,,,
7cde5ade-4ac2-3c91-91c7-598042fb6685,ground,subterranean,Carbon,,kg,,,,
321a456d-677f-336b-90f8-f49701ddb711,air,stratosphere,Carbon dioxide,,kg,,1,,
cd70c5e6-62c5-396b-bcb2-8be0c25ef088,air,troposphere,Carbon dioxide,,kg,,,,
b6f010fb-a764-3063-af2d-bcb8309a97b7,emission,air,Carbon dioxide,,kg,,1,,
58b5cd90-8ba4-32ea-b4aa-3a3438ba8419,Resource,air,Carbon dioxide,,kg,,,,
f9749677-9c9f-4678-ab55-c607dfdc2cb9,Emission to air,high population density,"Carbon dioxide, fossil",,kg,,1,,
5fe16b97-3332-38eb-8030-b62db19473eb,emission,air,Carbon disulfide,,kg,,,,
8be8c186-ab86-3f64-b461-918ed7a44e97,water,fresh water body,Carbon disulfide,,kg,,,,
187c525c-3715-388c-b303-a0671524a615,emission,air,Carbon monoxide,,kg,,,,
3fb21335-87be-3726-b31a-8fc9e98ad9cc,troposphere,rural,Carbon monoxide,,kg,,,,
f7467352-e7d9-3924-b763-f26bb26ce4cc,emission,air,Carbon tetrachloride,,kg,,3480,,
134672e2-bb82-3ecb-8cd8-e8adcc51c1fa,emission,water,Carbon tetrachloride,,kg,,,,
fbfa508b-f3c9-3977-a47d-1138e96914a3,emission,air,Carbon tetrafluoride,,kg,,4880,,
5860024c-105f-3546-a5b9-271267151d8c,emission,air,Carbon-14,,kBq,,,,
bcaedba9-d7b3-37db-8356-dcb747a1dc14,saline water body,ocean,Carbon-14,,kBq,,,,
c15e10c5-f91c-328a-ae01-d843fececf1a,water,fresh water body,Carbon-14,,kBq,,,,
64d7e0d8-62dd-3d63-895e-84f94aedbcd3,saline water body,ocean,Carbonate,,kg,,,,
7e4c974f-9fad-31ca-bcd2-a123eae61d53,water,fresh water body,Carbonate,,kg,,,,
4108df03-e1fe-3aa7-bb28-f13eaa2d0205,ground,subterranean,Cerium,,kg,,,,
a2f0cbbe-078a-3dc9-b2c4-d474312d8067,emission,air,Cesium-134,,kBq,,,,
2c37e638-ece0-3a43-b4d8-74b521010d02,saline water body,ocean,Cesium-134,,kBq,,,,
bdd9ff0b-a15b-3cb3-859e-375c1a7b764a,water,fresh water body,Cesium-134,,kBq,,,,
ef53665f-a47e-3f59-8e8d-f799e1705e34,emission,air,Cesium-137,,kBq,,,,
181a333d-a882-3cd0-bb20-cc7dec6778fb,saline water body,ocean,Cesium-137,,kBq,,,,
84df495a-c44e-36cf-9976-6e1f9dcb75d1,water,fresh water body,Cesium-137,,kBq,,,,
b80498de-0f5e-3d3f-9cbf-396a4952e904,emission,air,CFC-11,,kg,,6900,,
5d4d44e0-583d-3d0f-9deb-02d0521024ce,emission,water,CFC-11,,kg,,,,
0114f739-0964-3e45-9045-1221b33532df,emission,air,CFC-114,,kg,,7710,,
d6f92419-d242-3d09-adfb-730988250f61,emission,air,CFC-12,,kg,,10800,,
c70f1e1d-017a-3aa4-9614-fa723adbf49d,emission,air,CFC-13,,kg,,10900,,
924cc8cf-ddf6-3b1a-9fbe-489c095c1f01,emission,water,Chemical Oxygen Demand,,kg,,,,
f2154142-13c7-30c3-a098-98517ddfcf39,saline water body,ocean,Chemical Oxygen Demand,,kg,,,,
39596c10-bdd2-34d4-a634-775fe8195425,water,fresh water body,Chemical Oxygen Demand,,kg,,,,
0f35d4bb-17b8-3dc8-a896-2f0ff33d7213,water,fresh water body,Chlorate,,kg,,,,
dba13345-758b-3464-81eb-3afafe6e646d,emission,air,Chloride,,kg,,,,
9ee17f49-01b3-3ae8-9cf8-de8ee9dfd6e0,emission,ground,Chloride,,kg,,,,
b415204e-1506-3fc6-8e4b-97f8e64403b8,emission,water,Chloride,,kg,,,,
63b06979-31b5-3ef3-9b31-69f3f959a74d,saline water body,ocean,Chloride,,kg,,,,
d7c7c0d9-91e9-335a-a362-3d3196e9a5b1,water,fresh water body,Chloride,,kg,,,,
c4da1480-4f19-3d01-8f04-8432c38991b1,emission,air,Chlorine,,kg,,,,
d94f94d7-2d65-3f80-8254-1c8129263b01,emission,water,Chlorine,,kg,,,,
4015a137-4191-36fe-ab17-c4058c8243ee,human-dominated,agricultural,Chlorine,,kg,,,,
b3aeccc5-806e-3111-8b4f-e7a65605214e,terrestrial,forest,Chlorine,,kg,,,,
a061f985-1e0c-316a-9139-1172285afbbd,water,fresh water body,Chlorine,,kg,,,,
ff5e65a2-cf7a-328e-b58d-8560c0288c4f,emission,air,Chlormequat chloride,,kg,,,,
82c6fea7-d8a5-3858-8ac6-7e408a3f2332,water,fresh water body,Chlormequat chloride,,kg,,,,
0fe64d97-61d5-3366-9778-8c39d00edd73,emission,air,Chlorobenzene,,kg,,,,
eec36aa7-2df6-36c3-9a07-500c4bbf62a9,emission,water,Chlorobenzene,,kg,,,,
a48770cd-a7a2-3e86-9e1b-083d68ba4351,emission,air,Chloroethane,,kg,,,,
9fc17701-9417-3281-b9a3-d7ab3ecc1c57,emission,air,Chloroform,,kg,,60,,
f54d9588-ffe1-3ebb-922d-d7ec19c625a9,emission,water,Chloroform,,kg,,,,
84eb1610-5f8d-3b08-bdaf-71494d960f19,water,fresh water body,Chloroform,,kg,,,,
3e771661-38c3-332b-b4cb-8e2421b045ce,emission,air,Chloromethane,,kg,,45,,
57facb29-666b-34eb-96a3-670f6d995798,emission,water,Chloromethane,,kg,,,,
dca95a09-d0c2-3d62-ae3c-9e47d1acbf85,water,fresh water body,Chloromethane,,kg,,,,
cd8b8114-52ed-3963-9a4d-7c375fe951b4,emission,water,Chlorpyrifos,,kg,,,,
a68f27f2-78ad-36c7-a990-843b22d12b77,troposphere,rural,Chlorpyrifos,,kg,,,,
98bd36e1-fbe4-32ee-ba78-3b6726917c9b,emission,air,Chromium,,kg,,,,
979f30f5-f17e-3091-907f-af1921e7e637,emission,ground,Chromium,,kg,,,,
8a7ef355-2f16-3368-afc8-cf40ed441619,emission,water,Chromium,,kg,,,,
ca9614c7-5922-3efa-8816-835941a429f2,ground,subterranean,Chromium,,kg,,,,
f98f680a-6cb6-3950-8937-426bdb687b51,human-dominated,agricultural,Chromium,,kg,,,,
d9f44f4d-5057-35b9-9b78-711903148f12,saline water body,ocean,Chromium,,kg,,,,
ee55f9c2-37f8-3a07-b987-00c0c63f5ea8,water,fresh water body,Chromium,,kg,,,,
d9ed8839-5d20-3904-af9c-5807284712e0,emission,air,Chromium(III),,kg,,,,
d16e7927-0054-3884-a0d0-0bf5578fcd41,human-dominated,agricultural,Chromium(III),,kg,,,,
d25474e0-bd47-3409-b9f1-0aaf9f6c42cd,terrestrial,forest,Chromium(III),,kg,,,,
480cf2d0-b74a-34e9-b959-1d0f066428a4,water,fresh water body,Chromium(III),,kg,,,,
ac249128-5489-3eb8-bfb8-61c0b93d2e07,emission,air,Chromium(VI),,kg,,,,
187acf44-9b91-36cc-a1c3-66c9e3bae012,emission,ground,Chromium(VI),,kg,,,,
53ebe715-1465-358f-9e31-ae55956903d1,emission,water,Chromium(VI),,kg,,,,
b51ae4b6-76b2-3544-934a-d9da380519a6,water,fresh water body,Chromium(VI),,kg,,,,
30c2fe51-642a-4596-b3b4-0a2eadb8dfad,Technosphere Flows,CUTOFF Flows,"Chromium, at regional storage",,kg,,,,
993fb955-f686-37f7-96e1-22b8c2a35ced,emission,air,Chrysene,,kg,,,,
ca189829-ead7-33bd-adcc-bbe0b46d4c57,saline water body,ocean,Chrysene,,kg,,,,
18c9ebdc-ec63-3434-be49-eecdcbbf0358,water,fresh water body,Chrysene,,kg,,,,
5574de2a-d2e5-3fd5-b9d6-dc39e34c66ea,emission,air,cis-2-Pentene,,kg,,,,
d2507cdc-1803-3617-95ca-ab9bd56d7013,Technosphere Flows,CUTOFF Flows,"Citric Acid, at plant",,kg,,,,
ee6b5c73-dd3f-34dc-87fd-b52ed3675251,ground,subterranean,Clay,,kg,,,,
2da3e17c-4c2d-31e8-9b7d-964051d8a4d3,ground,subterranean,Coal,,MJ,,,,
ab4d79b6-f2ad-3757-beae-17cba8a53f5a,Resource,ground,"Coal, anthracite",,MJ,,,,
e1529a04-8d05-3502-a65d-4c810ceeaa53,ground,subterranean,"Coal, bituminous",,MJ,,,,
e344d353-61b8-3be6-a2a5-fd5ee93d8a89,Resource,ground,"Coal, bituminous",,MJ,,,,
de2f54e4-dbbe-3850-a341-c6d921dbfdec,Resource,ground,"Coal, lignite",,MJ,,,,
e0d81f05-0407-3fc9-9f11-e2d22a6edebd,emission,air,Cobalt,,kg,,,,
cb8f8925-a811-38ff-b19f-85377dc28de0,emission,ground,Cobalt,,kg,,,,
7cbf7556-2b17-3cc2-97cf-5c9e24e50d65,emission,water,Cobalt,,kg,,,,
0d28eab7-1aa7-396d-b52c-4a9baebed329,ground,subterranean,Cobalt,,kg,,,,
7a20e4be-3e1d-375d-a248-101ea0f8ad1f,human-dominated,agricultural,Cobalt,,kg,,,,
aec2cf2a-b55b-3598-a164-05f8ba8ad3ee,Resource,ground,Cobalt,,kg,,,,
dcf89d01-2d14-3d27-b52f-0905a78f5fb1,saline water body,ocean,Cobalt,,kg,,,,
58250b4f-f3d0-373d-8f89-795ecbf13748,water,fresh water body,Cobalt,,kg,,,,
9703abac-7076-3ecc-9203-707c6eb5bb78,emission,air,Cobalt-58,,kBq,,,,
2783bd25-ce1e-32c8-b11c-175d2ddb5149,water,fresh water body,Cobalt-58,,kBq,,,,
361aea3f-0164-34f9-8a84-a13c67f29a1e,emission,air,Cobalt-60,,kBq,,,,
f1d40128-b11f-3d4a-9378-74b7ea21f983,saline water body,ocean,Cobalt-60,,kBq,,,,
ed294542-90e4-3f3b-8cc4-b3dc908fdfd4,water,fresh water body,Cobalt-60,,kBq,,,,
6a130787-f858-3298-b572-0bcd4d2bd21c,ground,subterranean,Colemanite,,kg,,,,
b15117ec-3b8e-35de-bef2-00aec1b9636e,emission,air,Copper,,kg,,,,
ec1ff388-9bbb-367f-828c-f7b4f7ceaa47,emission,ground,Copper,,kg,,,,
965958b3-8368-3395-a55d-f6f819e40587,emission,water,Copper,,kg,,,,
230bcc03-ec64-394a-bdda-e93b3cd765d4,ground,subterranean,Copper,,kg,,,,
b9554035-798d-302b-9d1c-05c171c4daf0,human-dominated,agricultural,Copper,,kg,,,,
044f449c-d96f-367a-af7b-edb40a7e0ed9,saline water body,ocean,Copper,,kg,,,,
e8233843-6f25-39a1-831c-3f763f75cf87,water,fresh water body,Copper,,kg,,,,
4177b053-26a1-36e1-baa8-43af1249eb56,emission,water,Copper compounds,,kg,,,,
a58df7ff-b222-34c4-8fc0-2dddf59c933d,emission,water,Copper(I),,kg,,,,
dce9617d-7a15-32be-adcb-f01854016ebc,emission,water,Cresol,,kg,,,,
a5947091-71e1-3a4c-8062-d4e823205a07,saline water body,ocean,Cresol,,kg,,,,
15afc9c7-b91d-3a4f-b2ee-0fc8ad312706,water,fresh water body,Cresol,,kg,,,,
0ed0590b-2e71-385e-86bb-3d2ea0505734,water,subterranean,Crude oil,,MJ,,,,
8f6e0975-9a80-3709-8ee7-1e4c0a9c9e1c,emission,air,Cumene,,kg,,,,
16acddda-f50a-382c-a9d4-d47fcc4722d3,water,fresh water body,Curium-242,,kBq,,,,
4e0d22ec-607e-3c14-85d3-15c75b7ad3ca,emission,water,Cyanazine,,kg,,,,
4d34b263-b21d-379b-9c54-c48743f867bd,troposphere,rural,Cyanazine,,kg,,,,
37037bee-9867-3769-999c-c4d891b9975b,emission,air,Cyanide,,kg,,,,
3b66fd84-6bf2-3a57-bd4c-f779d71fee69,emission,water,Cyanide,,kg,,,,
67f9e8e6-610c-3cb6-a81b-f1e65133ef71,saline water body,ocean,Cyanide,,kg,,,,
bf6288d2-4fdd-33ee-936a-5ac6c75d3b9d,water,fresh water body,Cyanide,,kg,,,,
12b39b80-c5cb-3410-9968-c6e41304f7d0,emission,air,Cyclohexane,,kg,,,,
ad141e8f-c6d9-4404-b276-6857aadcd79f,CUTOFF Flows,ecoinvent 3.2,"Cyclohexane, production",,kg,,,,
7cfe87ec-d041-35a9-8547-17559edc863a,emission,air,Cyclopentane,,kg,,,,
7006c273-b24d-366b-b70d-ee1405a810cc,emission,air,Cyprodinil,,kg,,,,
a0ae90e4-e2c0-3473-ae2f-c94947e311a2,water,fresh water body,Cyprodinil,,kg,,,,
b7333c73-5e11-36c0-9e18-651c5655c163,emission,air,Decane,,kg,,,,
0c8c9877-5938-36dd-910b-48daed6913e1,emission,water,Decane,,kg,,,,
735d1149-bcb1-32ff-820a-a957073d0288,emission,air,Deltamethrin,,kg,,,,
827481a9-4649-3fa6-90b0-0e00c80c2ef8,water,fresh water body,Deltamethrin,,kg,,,,
3600a034-449c-3066-9960-6a13903c310d,emission,air,Di(2-ethylhexyl) phthalate,,kg,,,,
e6332c37-13a9-429f-861e-86541b063a37,,,Diammonium phosphate,,kg,,,,
e51f946b-179b-3580-9ba3-37299516be47,emission,air,"Dibenz[a,h]anthracene",,kg,,,,
8748d8b2-558f-343d-93d5-2d8a7ed2f500,emission,water,"Dibenz[a,j]acridine",,kg,,,,
a3d33ea6-76e3-37fc-b15e-1120f4128b10,emission,water,Dibenzofuran,,kg,,,,
b2661705-4693-3796-b582-f598499b4157,emission,water,Dibenzothiophene,,kg,,,,
e617f02e-82a3-3305-a723-02afcb30a42f,emission,air,Dicamba,,kg,,,,
b7271ab2-884e-3d5f-83ee-66709a9fd3cc,emission,water,Dicamba,,kg,,,,
ae151cff-d7c6-394d-a8c9-a56b466f6b15,troposphere,rural,Dicamba,,kg,,,,
7895dc9e-94dc-32aa-883e-a1d3926f0788,water,fresh water body,Dicamba,,kg,,,,
ec278fbc-9d2f-319a-8a83-edbfb4f00cbd,emission,air,Diethylamine,,kg,,,,
2d7ce54f-4eb7-3310-8b37-a78f052e5de5,emission,air,Dimethenamid,,kg,,,,
7feae0b3-8fb8-3caf-9078-f23b4fd362d1,emission,water,Dimethenamid,,kg,,,,
213ce6f1-7076-3534-b4f7-9d4fb800a944,troposphere,rural,Dimethenamid,,kg,,,,
8233a2af-3cd7-3457-97db-ffba34844b2e,water,fresh water body,Dimethenamid,,kg,,,,
f74132da-f9ea-3052-985b-7d86074eaa5b,emission,air,Dimethoate,,kg,,,,
44944898-4d3a-3219-9ec0-fa45324a273a,water,fresh water body,Dimethoate,,kg,,,,
48f34f79-a52a-3692-9931-5b7b678fd1f5,emission,water,Dimethyl phthalate,,kg,,,,
5bbebaed-96df-3384-8338-4316f2d429a1,troposphere,rural,Dimethyl sulfate,,kg,,,,
99c5e585-34aa-31a6-afe9-d44a14b9e27f,emission,air,Dimethylamine,,kg,,,,
ac0fa9f8-2455-3106-841c-ed7be967c566,emission,air,Dioxins,,kg,,,,
a097bf04-8dd1-34dc-b5ef-3e7e18dd07e0,Technosphere Flows,CUTOFF Flows,"Disposal, ash and flue gas desulfurization sludge, to unspecified reuse",,kg,,,,
14efa61d-49e5-3c13-a0f2-90d8febe3caa,Technosphere Flows,CUTOFF Flows,"Disposal, chemical waste, unspecified, to sanitary landfill",,kg,,,,
a98db096-441e-4783-900f-b6693ecde0c9,Technosphere Flows,CUTOFF Flows,"Disposal, hazardous waste, to incineration with energy recovery",,kg,,,,
ac003090-67b7-4364-b690-807d12019627,Technosphere Flows,CUTOFF Flows,"Disposal, hazardous waste, to incineration without energy recovery",,kg,,,,
42929598-5cd9-4fac-a79d-fd0ab85a4176,Technosphere Flows,CUTOFF Flows,"Disposal, hazardous waste, to unspecified hazardous waste landfill",,kg,,,,
88f2f98d-4af4-36f4-a9ba-21e88be74c0f,Technosphere Flows,CUTOFF Flows,"Disposal, inert solid waste, to inert material landfill",,kg,,,,
51b388e1-32b9-33e7-857d-6543bc69f12c,Technosphere Flows,CUTOFF Flows,"Disposal, lignite coal combustion byproducts, to unspecified reuse",,kg,,,,
63879c83-7f9b-3aa5-a79d-53dc50fa5729,Technosphere Flows,CUTOFF Flows,"Disposal, solid waste, fuel, to municipal incineration",,kg,,,,
df2b3c59-4923-41b4-ac38-967884123025,Technosphere Flows,CUTOFF Flows,"Disposal, solid waste, process, to sanitary landfill",,kg,,,,
b2e4bf62-46b0-4a88-8853-86694d26244d,Technosphere Flows,CUTOFF Flows,"Disposal, solid waste, to incineration with energy recovery",,kg,,,,
c3a414cf-44c3-409b-8481-7c0fafdb225c,Technosphere Flows,CUTOFF Flows,"Disposal, solid waste, to incineration without energy recovery",,kg,,,,
f2960e88-4ca9-4f6c-9813-71e66edc37b7,Technosphere Flows,CUTOFF Flows,"Disposal, solid waste, unspecified",,kg,,,,
60c44220-4e65-3d83-8769-6534f8a4c284,Technosphere Flows,CUTOFF Flows,"Disposal, solid waste, unspecified, to inert material landfill",,kg,,,,
ee9ac558-402f-3594-a3e3-0ee7dec4440d,Technosphere Flows,CUTOFF Flows,"Disposal, solid waste, unspecified, to municipal incineration",,kg,,,,
838cef47-a3a6-3dce-bcb2-560991c5e95c,Technosphere Flows,CUTOFF Flows,"Disposal, solid waste, unspecified, to sanitary landfill",,kg,,,,
627f237d-8d6e-3257-b539-0637dacdf768,Technosphere Flows,CUTOFF Flows,"Disposal, solid waste, unspecified, to underground deposit",,kg,,,,
c3c58b7e-6561-36c7-a537-b10b1f2a5e39,Technosphere Flows,CUTOFF Flows,"Disposal, solid waste, unspecified, to unspecified treatment",,kg,,,,
5d2b8abb-4d07-3515-b955-46a086e599f6,Technosphere Flows,CUTOFF Flows,"Disposal, solid waste, unspecified, to waste-to-energy",,kg,,,,
6edd015a-523c-348b-b133-98ac73e73371,Technosphere Flows,CUTOFF Flows,"Disposal, solid waste,process, to municipal incineration",,kg,,,,
0950274b-38ce-3248-8f61-2dba9026bf8f,emission,water,Dissolved Organic Carbon,,kg,,,,
b500ed1b-1495-3d9d-b3b5-c09ca46f9d4c,emission,water,Dissolved Organic Matter,,kg,,,,
e946b25a-6815-3df0-aa55-a797c77bb288,emission,water,Disulfoton,,kg,,,,
805e6825-16f5-3f54-9b9d-467213efd064,emission,water,Diuron,,kg,,,,
346f49b9-598c-3f47-96c8-b47ccdb5a01f,emission,water,Docosane,,kg,,,,
4acda2b2-105c-30e7-bb18-31ffb1a63c5c,emission,air,Dodecane,,kg,,,,
637c2a11-389c-3555-a5be-62d3823dbd2a,emission,water,Dodecane,,kg,,,,
4bc8fa77-4800-33cb-93ca-0bacd790e1c1,ground,subterranean,Dolomite,,kg,,,,
1fa8c65b-74e5-39d6-a2b8-0061eb9a2608,ground,subterranean,Dysprosium ore,,kg,,,,
c69ad153-4e30-39ac-92e0-ded6825e8ec8,emission,water,Eicosane,,kg,,,,
8ca9c802-e837-30d6-a921-3bc7ea7d8448,Technosphere Flows,CUTOFF Flows,"Electricity, at wind power plant, unspecified",,MJ,,,,
7f11b3fc-4396-3cb0-b1c6-4016a7c31533,Technosphere Flows,CUTOFF Flows,"Electricity, biomass, gas, landfill, at power plant",,MJ,,,,
50a39fc4-b698-37e8-b8f9-0142a6ef76ce,Technosphere Flows,CUTOFF Flows,"Electricity, biomass, solid, agriculture by-products, at power plant",,MJ,,,,
29ae9fce-0435-3a0a-bedc-1ee78b6b4b3e,Technosphere Flows,CUTOFF Flows,"Electricity, biomass,liquid, unspecified, at power plant",,MJ,,,,
dadfc1d9-d2a9-3f86-9b4d-01cb03f4fd6c,Technosphere Flows,CUTOFF Flows,"Electricity, biomass,solid, unspecified, at power plant",,MJ,,,,
13487592-caa0-3671-8c68-476f07428d79,Technosphere Flows,CUTOFF Flows,"Electricity, from renewable source, unspecified",,MJ,,,,
e4229062-5210-3132-a1a2-a946454ffaf2,Technosphere Flows,CUTOFF Flows,"Electricity, geothermal, unspecified",,MJ,,,,
4b4d38d5-b196-3075-8f90-27fa7e45d92b,Technosphere Flows,CUTOFF Flows,"Electricity, hydropower, at power plant, unspecified",,MJ,,,,
6e9f8d2d-5ce1-3e64-8130-5ec0b62ca7d1,Technosphere Flows,CUTOFF Flows,"Electricity, other fuels, unspecified, at power plant",,MJ,,,,
7b8d7c56-1021-37b6-be2c-3c92d8b9f026,Technosphere Flows,CUTOFF Flows,"Electricity, other gases, unspecified, at power plant",,MJ,,,,
b31ba1d1-fb4b-3b9e-96c2-1e042fec4e84,Technosphere Flows,CUTOFF Flows,"Electricity, petroleum coke, at power plant",,MJ,,,,
2e5ad224-751f-3379-8b19-1d533cf2b09c,Technosphere Flows,CUTOFF Flows,"Electricity, solar, unspecified, at power plant",,MJ,,,,
46dc4693-2f24-39d2-b69f-dd059737fd5e,22: Utilities,"2213: Water, Sewage and Other Systems","Energy, fossil, unspecified",,MJ,,,,
90306ee7-4777-3745-a55e-70ffa51480fa,ground,subterranean,"Energy, geothermal",,MJ,,,,
d2792697-9e22-3380-974f-54b92a3549a9,Resource,ground,"Energy, geothermal",,MJ,,,,
3a97c833-0fa7-31a4-a30c-6ca764403a6e,emission,air,"Energy, heat",,MJ,,,,
ac7cdbe9-4e8c-3f92-8a9e-f9bd0f18ad63,saline water body,ocean,"Energy, heat",,MJ,,,,
45d15a24-1145-33e1-97cf-1d4c80a3dc44,water,fresh water body,"Energy, heat",,MJ,,,,
5af7a834-bf92-32eb-a0b2-2f2dcdc9f3d9,Resource,water,"Energy, hydro",,MJ,,,,
48a27d76-099e-3f02-8806-2d25732c15bc,saline water body,ocean,"Energy, hydro",,MJ,,,,
3461154f-7720-42f3-8a29-50e7ada5ddb5,Resource,unspecified,"Energy, recovered",,MJ,,,,
4d1571a6-ffff-3a36-82df-224ed975a094,Resource,air,"Energy, solar",,MJ,,,,
35962866-662b-3817-a2a7-39375c7e6a3c,Resource,air,"Energy, wind",,MJ,,,,
b7839a30-a5df-3e3f-9534-f9b3c99ede50,ground,subterranean,Erbium,,kg,,,,
423e3050-f49a-303a-88a8-1ac428418f9c,emission,air,Ethane,,kg,,,,
f9e94137-4a27-3973-a4d2-0d8bdafd2ade,emission,air,Ethanol,,kg,,,,
8e9a6869-ba95-3f8a-97ee-ed990a485ad1,emission,air,Ethephon,,kg,,,,
d1958f41-40b9-3387-8d69-49b45aaccec1,water,fresh water body,Ethephon,,kg,,,,
cd724953-9c93-369f-a9cf-64ba0bae32cb,emission,air,Ethyl ether,,kg,,,,
7b2a26ef-86ec-39e1-82e6-016b31800e2b,emission,air,Ethylbenzene,,kg,,,,
6c82f4d1-4fa8-3b7e-816d-c4153c0eba6d,emission,water,Ethylbenzene,,kg,,,,
0c74e094-194d-3527-91b1-714bdd3fdabc,saline water body,ocean,Ethylbenzene,,kg,,,,
9cadef16-ae5d-30ae-a4a4-3d23a508892e,water,fresh water body,Ethylbenzene,,kg,,,,
3378c02d-6828-36dc-a9fe-9948b59a8bd6,emission,air,Ethylene,,kg,,,,
3406549e-cf97-3fec-b0bb-07506f38dfc4,emission,water,Ethylene,,kg,,,,
a8ead97e-1f5f-3c0c-aa72-c7b25050864e,emission,air,Ethylene dibromide,,kg,,,,
46a269de-b5c6-3737-bd97-edc9df62795e,water,fresh water body,Ethylene dibromide,,kg,,,,
f6696716-3d44-38fe-8ef2-8f4284367cd1,emission,air,Ethylene glycol,,kg,,,,
41520962-0f73-3a5a-a396-c1c2d52bb55f,emission,water,Ethylene glycol,,kg,,,,
fe94969c-85fa-3e09-a9d7-0820c0bda7ca,saline water body,ocean,Ethylene glycol,,kg,,,,
d5670f7b-8a81-3d00-92b1-8c9e12e0ef69,emission,air,Ethylene oxide,,kg,,,,
1a2c0ee2-520a-3971-a68e-81982d8236fc,emission,water,Ethylene oxide,,kg,,,,
23823e99-86c4-32bb-94e9-2f428ed796e2,ground,subterranean,Europium,,kg,,,,
9e1bbcbf-1de9-3536-9834-b7f36ea07236,emission,air,"Fatty acids, C9-13-neo-",,kg,,,,
9ab475fd-cfd0-3b39-98f4-9ea7176bd0c9,ground,subterranean,Feldspar group,,kg,,,,
e0489667-2772-3497-8f63-112609b6be93,rural,low,Fenvalerate,,kg,,,,
fe18e425-2f7a-34f8-bc8c-3df417989da7,water,fresh water body,Fenvalerate,,kg,,,,
1628c7b9-2292-32b7-a640-1c471768ff8c,emission,air,Fipronil,,kg,,,,
f8aeda26-6bef-3994-9998-a4349d171cac,water,fresh water body,Fipronil,,kg,,,,
c89c263a-b0b7-34c9-a27c-d9ebf851c3cc,emission,air,Fluoranthene,,kg,,,,
bc041b64-c2e4-3f48-8445-7fb9d9480fec,saline water body,ocean,Fluoranthene,,kg,,,,
d3d29725-b7c5-3b3f-b3bf-c12b5caa468c,water,fresh water body,Fluoranthene,,kg,,,,
c5697dcb-8fd3-3046-b499-f34e33495b61,emission,air,Fluorene,,kg,,,,
d83e2d8e-93e4-37c2-be41-b7b7d9f93a11,emission,water,Fluorene,,kg,,,,
382c434b-4131-3cb7-8c90-c3afc262ac23,emission,water,"Fluorenes, alkylated, unspecified",,kg,,,,
40ba4085-36b8-3564-8552-5d3bd6186f93,emission,air,Fluoride,,kg,,,,
ce935bd2-3bbd-37fb-857b-79d8511c0fdc,emission,ground,Fluoride,,kg,,,,
e8a4d121-c284-3073-ba8f-37f9253ff20a,emission,water,Fluoride,,kg,,,,
4be481c4-1da8-3b97-9e06-e70322d03ae5,saline water body,ocean,Fluoride,,kg,,,,
05869492-3217-31fe-8e78-957f50e824aa,water,fresh water body,Fluoride,,kg,,,,
2e40d2b0-30ad-3c0c-ba94-5172209277b9,emission,air,Fluorine,,kg,,,,
cf1c6b0f-a688-355e-b222-ebb4a4c163d5,emission,water,Fluorine,,kg,,,,
9e822e8d-753d-3493-8807-260c1e091a3b,water,fresh water body,Fluorine,,kg,,,,
4615b650-5d6d-3c12-a5f8-d70815d92e11,ground,subterranean,Fluorite,,kg,,,,
a257b8d3-62dd-37ad-b429-73d96c97165c,emission,air,Formaldehyde,,kg,,,,
111e6c6a-404e-34dd-b7fd-b3773144da05,water,fresh water body,Formaldehyde,,kg,,,,
73238412-5bd2-39d3-a0e3-e0b2b9f1f81d,Technosphere Flows,CUTOFF Flows,"Formic acid, at plant",,kg,,,,
bf366291-fb38-4901-9c96-16472193b680,Technosphere Flows,CUTOFF Flows,"Fuel gas, produced onsite, at cracker, m3",,m3,,,,
e8b8cad5-6cb4-3c94-b181-51b1546decd6,emission,air,Furan,,kg,,,,
58341a64-1d3f-3b96-af9c-5d26309c5dbf,ground,subterranean,Gadolinium,,kg,,,,
e6877d29-bd39-333a-9e7f-8ed43c42ffeb,emission,air,Glyphosate,,kg,,,,
b3447c56-0205-34f1-8b36-f7a8214c8bfb,emission,water,Glyphosate,,kg,,,,
06a6f808-a80d-3dcf-9c7c-7e4ce07d04ce,troposphere,rural,Glyphosate,,kg,,,,
dbe24d97-9531-3129-8d9a-b72c3590b10c,water,fresh water body,Glyphosate,,kg,,,,
458a1704-8415-3f6a-9ba2-82a91feec632,ground,subterranean,Gold,,kg,,,,
7552df87-8715-3d7c-933a-e956c7140a74,ground,subterranean,Granite,,kg,,,,
e8f13601-bd2d-3b9b-929f-58a94be6ec9a,ground,subterranean,Gypsum,,kg,,,,
9c1c4e0d-e68f-3cbf-9bcf-2c54f9b4cae7,emission,air,Halon 1301,,kg,,7800,,
0ce1477a-bded-3ebc-961e-8edee183385e,56: Administrative and Support and Waste Management and Remediation Services,5622: Waste Treatment and Disposal,Hazardous waste (deposited),GLO,kg,,,,
6be32367-28ef-3a20-b554-72e74440d8f5,56: Administrative and Support and Waste Management and Remediation Services,5622: Waste Treatment and Disposal,Hazardous waste (deposited),RNA,kg,,,,
c1b0f3c7-546f-3bfa-ba02-fc5e657c2ea3,emission,air,HCFC-123,,kg,,292,,
a94f791b-f806-37a6-95b5-f97fdcde3032,emission,air,HCFC-124,,kg,,1870,,
76cf7898-8461-3265-a3a4-14dd2682779e,emission,air,HCFC-22,,kg,,5280,,
5a8cd3db-c11a-4ad8-b6b8-844aaee664a5,,,"HDPE, macroplastic",,kg,,,1,
47193950-af1c-4bbf-9bd3-f32204df3820,,,"HDPE, microplastic",,kg,,,,1
b411ec8b-c60a-4235-a3b2-8bf8443cbc55,Emission to air,high population density,"Heat, waste",,MJ,,,,
f860537f-7ad4-307d-9eaa-7c52fbbf71f9,emission,air,Helium,,kg,,,,
9a2c8196-dc6a-3ee0-868d-4278ac51a46f,emission,air,Heptane,,kg,,,,
5b9ac6e8-5db3-3abf-9074-d12787ae5974,emission,water,Hexacosane,,kg,,,,
b6546ff7-0bf9-3866-8335-01aa38b3e8b0,emission,water,Hexadecane,,kg,,,,
b24a2de2-da9b-30b8-ae33-3d4ffa692029,emission,air,Hexafluoroethane,,kg,,8210,,
48266a38-cc1b-3448-a058-2521390e8ff2,emission,air,Hexamethylenediamine,,kg,,,,
7955b6e2-3ae6-315c-94f1-028d7faada34,emission,air,Hexane,,kg,,,,
f24ad511-378f-328b-ae1e-6a7799cb8ea7,saline water body,ocean,Hexane,,kg,,,,
edded721-8eea-332c-a909-07ab70781012,water,fresh water body,Hexane,,kg,,,,
583cfbf3-e4c8-38da-827b-2aced8123a8f,emission,water,Hexanoic acid,,kg,,,,
44be3f68-dee3-3228-adb4-04b003485c5f,emission,air,HFC-125,,kg,,6090,,
4fd60c2c-8625-3b10-8618-e3eacc121bbb,emission,air,HFC-134a,,kg,,3710,,
3c29f66a-2dd8-3f9b-a05c-c8cb3d93f0f1,emission,air,HFC-143a,,kg,,6940,,
b7bab095-d0bf-3d7b-9c8e-c247d71a8f85,emission,air,HFC-23,,kg,,10800,,
13e3ee0f-45d2-3061-b7b4-eb2e73ec53d3,emission,air,HFC-245fa,,kg,,2920,,
747fa9a4-559b-37a4-ac9b-5ca630274739,emission,air,HFC-32,,kg,,2430,,
016b71b2-8cf1-3d65-8eda-72353358187a,56: Administrative and Support and Waste Management and Remediation Services,5622: Waste Treatment and Disposal,High radioactive wastes,RNA,kg,,,,
c2b6a560-8c1d-3aa4-a6a1-06725f9c43a3,ground,subterranean,Holmium,,kg,,,,
8aec1626-a25f-3cb6-a102-670bc1a14863,emission,air,Hydriodic acid,,kg,,,,
6a8ca31c-ede5-38b1-8c30-2d50fb499a55,emission,air,Hydrocarbons,,kg,,,,
42983b7d-3999-3fa9-b172-a0fc678236fe,emission,water,Hydrocarbons,,kg,,,,
dae7d3ab-be34-34f9-a6c5-419eaaa1b3cd,human-dominated,industrial,Hydrocarbons,,kg,,,,
58e5ce68-b4e4-30ec-aad4-cef520d7f737,saline water body,ocean,Hydrocarbons,,kg,,,,
afc5f223-7b3a-39ff-a6ac-6dea5adcaa1d,troposphere,rural,Hydrocarbons,,kg,,,,
796e57ac-545a-3d34-8f27-bf91f5cc476f,water,fresh water body,Hydrocarbons,,kg,,,,
e2230ed6-8d5e-3315-8bc9-ce337d1283ce,emission,air,Hydrochloric acid,,kg,,,,
33572dab-46b2-3cdb-9b48-2bd4b9fafabf,water,fresh water body,Hydrochloric acid,,kg,,,,
1c288388-0f32-30f1-8267-19b8d72c80df,emission,air,Hydrofluoric acid,,kg,,,,
19b09ba7-5f59-3d27-868f-f668133dfa58,water,fresh water body,Hydrofluoric acid,,kg,,,,
93995ef3-e3d2-37a6-a6ab-67636a2f12a3,emission,air,Hydrofluorocarbons,,kg,,,,
1aaa4326-5c2e-31c5-be81-f856b4e424b1,emission,air,Hydrogen,,MJ,,,,
4dcb0409-be5e-3186-8c63-bf16489412ee,emission,air,Hydrogen bromide,,kg,,,,
28579c88-adc1-468a-aa24-b333dccb85c1,Technosphere Flows,CUTOFF Flows,"Hydrogen combustion, energy",,MJ,,,,
aa7539ee-9aeb-3cb5-9d64-2a0bd94ebb0f,emission,air,Hydrogen cyanide,,kg,,,,
d1e1b937-ab80-337a-b2d5-3476f132a2fe,water,fresh water body,Hydrogen cyanide,,kg,,,,
ad84f989-6a77-3dd0-8a03-7b45cdb9e926,emission,ground,Hydrogen ion,,kg,,,,
f40da0f7-a3fe-3b8e-a7bf-fceaa1930e27,emission,water,Hydrogen ion,,kg,,,,
f8825be7-fe90-3dd2-854e-e2b197c96e98,water,fresh water body,Hydrogen ion,,kg,,,,
ea477c94-5b87-38a4-a9da-3dbd4b62a7c6,water,fresh water body,Hydrogen peroxide,,kg,,,,
f8cbcd43-8201-3b05-b19a-82d305414af4,emission,air,Hydrogen sulfide,,kg,,,,
1a2d8f9d-b4d8-3f8f-a75b-d6d5d7bbeecb,water,fresh water body,Hydroxide,,kg,,,,
fc047629-d783-3edd-bea8-ef323f025478,emission,air,Imidacloprid,,kg,,,,
fdbef5b1-1af1-3f37-a4ec-e6841ff24560,water,fresh water body,Imidacloprid,,kg,,,,
e962ef47-cedd-36b6-b962-abacbab62a02,emission,air,"Indeno[1,2,3-cd]pyrene",,kg,,,,
7858df7a-17e0-3c2a-9a5d-cb479775fb70,emission,water,"Inorganic salts and acids, unspecified",,kg,,,,
6553089c-fe89-3e94-9eb2-87e38fc38ee3,water,fresh water body,Iodide,,kg,,,,
b11dcdc8-258b-34cb-b9e9-01bbd03c38e3,emission,air,Iodine-129,,kBq,,,,
202639e4-fdf3-390f-a3f4-45c097fb0d2b,water,fresh water body,Iodine-129,,kBq,,,,
95cf40b7-7fb1-35c5-b6e1-c764044157cf,emission,air,Iodine-131,,kBq,,,,
6e475f1f-0e79-35b6-83d6-3929b5d08c9a,saline water body,ocean,Iodine-131,,kBq,,,,
3507e4c2-de9c-3571-b0e7-4b601cd29b7c,water,fresh water body,Iodine-131,,kBq,,,,
4c625fbb-1370-3c34-80c2-2f5dd298c40b,emission,air,Ioxynil,,kg,,,,
47baaf65-b959-33cb-8715-502601669fb0,water,fresh water body,Ioxynil,,kg,,,,
2e160f77-8b5b-36e9-a57b-6b3a9ffe4670,ground,subterranean,Iridium,,kg,,,,
7401407a-978a-355e-81db-826dc484dd4a,emission,air,Iron,,kg,,,,
106f9639-cbb0-3fc8-8a6b-8fcc40f3111e,emission,ground,Iron,,kg,,,,
2b61d376-c8c2-31ae-9c19-9b8b958c74dd,emission,water,Iron,,kg,,,,
d429b380-0dfd-3303-b50c-2384b8681651,ground,subterranean,Iron,,kg,,,,
81e3c503-08b0-3953-a7ff-64758a2588b9,human-dominated,agricultural,Iron,,kg,,,,
b45987ce-b691-3c77-b669-0658cbb04ab2,saline water body,ocean,Iron,,kg,,,,
5d0bd612-7df6-3c8c-829d-919279752406,water,fresh water body,Iron,,kg,,,,
515e9797-af84-335a-a30f-a48f9a9e2ed7,emission,air,Isobutane,,kg,,,,
feb8a91d-fa3f-3660-bfc2-75471003288d,urban,low,Isobutene,,kg,,,,
9aa7fac7-87ac-35ac-9cfb-639180846bee,emission,air,Isophorone,,kg,,,,
df9ed90d-0e23-3c52-85f7-a4f333b5dea3,emission,air,Isoprene,,kg,,,,
f04bdc59-0f29-3c7f-956c-53b0003b37e7,emission,water,Isoprene,,kg,,,,
222a86c7-0134-3761-8eeb-a5c8a2947ca6,emission,air,Isopropanol,,kg,,,,
3282f269-b5da-3248-8888-c53bdbbea586,emission,water,Isopropanol,,kg,,,,
08250d9c-fd05-3281-87c0-a677a247dbc0,emission,air,Isoproturon,,kg,,,,
4bc0ec2e-2e75-3268-a88d-db90e6328634,water,fresh water body,Isoproturon,,kg,,,,
22f4fc46-85d3-35af-8eca-43deb7edce37,ground,subterranean,Kaolin,,kg,,,,
35b5c1c9-2910-3597-9c29-835fe31bc726,emission,air,Kerosene,,kg,,,,
db2cacde-b97f-3b2b-bb92-e3b94af587fb,emission,air,Krypton-85,,kBq,,,,
46b31bbe-1c77-3a50-a31d-5378c1e47dd6,human-dominated,agricultural,Land use,,m2*a,,,,
6438548e-77ef-35c2-97d9-8471835bcd8f,Resource,ground,Land use,,m2*a,,,,
1147e66c-db3e-303c-b7c7-89b006d98881,terrestrial,forest,Land use,,m2*a,,,,
74291898-f3b6-4823-92d5-e966bc4d4f9c,Technosphere Flows,CUTOFF Flows,"Landfill gas, at cracker, m3",,m3,,,,
f9937b48-488f-35f9-ba2c-cb89f3de142b,emission,air,Lanthanum,,kg,,,,
1b5fe8bf-1422-4a79-8d3e-e1361dbb5c62,,,"LDPE, macroplastic",,kg,,,1,
ff4dd3b9-e0ad-404c-8026-c2eac91d547f,,,"LDPE, microplastic",,kg,,,,1
fe829136-3042-36e6-b4cb-7ff591e8db98,emission,air,Lead,,kg,,,,
a58c8e84-1ff1-3a64-bf26-567e9bdeb994,emission,ground,Lead,,kg,,,,
f8204689-71e9-3275-85f4-66c4112e5511,emission,water,Lead,,kg,,,,
d8678a63-52a7-31e3-bcc3-e695ab862d07,ground,subterranean,Lead,,kg,,,,
c51f4618-2b99-39d5-a537-a379ee83732d,human-dominated,agricultural,Lead,,kg,,,,
d56be86c-78b6-31d2-aa32-9b153fa377e2,saline water body,ocean,Lead,,kg,,,,
656197b0-0312-3c7d-85a8-37638288a23b,water,fresh water body,Lead,,kg,,,,
58dcc57f-065f-30c9-9c70-c20c8396ba4c,emission,air,Lead dioxide,,kg,,,,
e20f518e-1e27-386a-8711-7b364a9390ce,emission,air,Lead-210,,kBq,,,,
5c8aca95-6eb3-3b26-83d0-838936066653,emission,water,Lead-210,,kBq,,,,
bf9a98d7-16de-3777-b21d-ee9edc177ca0,ground,subterranean,Limestone,,kg,,,,
13f50f4e-6aee-34f6-b3af-20503373f75d,Resource,ground,Limestone,,kg,,,,
1f62b25d-4dcb-3f81-8273-65dbbda19bac,emission,water,Lithium(I),,kg,,,,
220422e3-1ca2-31e5-8796-ba201cdf4845,56: Administrative and Support and Waste Management and Remediation Services,5622: Waste Treatment and Disposal,Low radioactive wastes,RNA,kg,,,,
39288855-636d-3d74-a192-1bd9003e63e0,ground,subterranean,Lutetium ore,,kg,,,,
2e1b0e71-eec1-3f93-bbd9-80a2f20615cf,emission,air,m-Cresol,,kg,,,,
a20f692f-5cab-3036-b3aa-821fb758a39c,emission,air,m-Xylene,,kg,,,,
a975efda-5fb3-38a9-8d3f-212606aa853f,emission,water,m-Xylene,,kg,,,,
8bc5e9b5-70c0-33b8-b2a8-5517c5c1b958,ground,subterranean,Magnesite,,kg,,,,
38b7760e-42fa-3d33-b91c-67d348d99097,emission,air,Magnesium,,kg,,,,
8a039ef9-ea10-3a7e-8376-49235324a7f9,emission,ground,Magnesium,,kg,,,,
1345e5a3-e4c5-3cc1-b896-988ae1796d8e,emission,water,Magnesium,,kg,,,,
580f7e8e-b426-3d9a-8710-181433a81424,ground,subterranean,Magnesium,,kg,,,,
3e2b86a4-6dc7-3bdd-9be9-a66246680940,saline water body,ocean,Magnesium,,kg,,,,
9755e31b-fee0-322a-b481-57522df0b331,water,fresh water body,Magnesium,,kg,,,,
d8664f84-2c66-3479-8137-34a4b85baa1d,ground,subterranean,Magnesium chloride,,kg,,,,
359735dd-53cf-3228-8f84-1678a49d40d2,emission,air,Mancozeb,,kg,,,,
3dfb63fd-2045-3c48-8fec-b2aaea687b41,water,fresh water body,Mancozeb,,kg,,,,
9a474c27-63f9-3d0d-a74c-465fd97400e7,emission,air,Manganese,,kg,,,,
ecfcc16c-1a1c-33d2-b9ac-486d3bede4c3,emission,ground,Manganese,,kg,,,,
8f023abc-b8fc-3ef7-9571-f4cf6c2b6820,emission,water,Manganese,,kg,,,,
7de685df-0092-3172-a9e0-32ef7d328800,ground,subterranean,Manganese,,kg,,,,
7ba9a529-43f5-36ac-ad73-ebf3940b4bf8,human-dominated,agricultural,Manganese,,kg,,,,
15dd2cf8-bb8f-380a-bb17-613e34a8acb0,saline water body,ocean,Manganese,,kg,,,,
73e43f0e-840c-3457-8332-9b3f6134b5ab,water,fresh water body,Manganese,,kg,,,,
d6452928-e3f6-304e-a862-0b4817678edb,water,fresh water body,Manganese-54,,kBq,,,,
585e8987-ce59-30b8-b25a-af5cd53fb0e2,emission,air,MCPA,,kg,,,,
5a90688e-e1c9-3f9c-9801-0d423773ab84,emission,water,MCPA,,kg,,,,
1ffb4255-6a33-3b3c-9168-b06616eed77e,troposphere,rural,MCPA,,kg,,,,
4f072a36-9325-310e-87b1-e1a9a153a7a7,water,fresh water body,MCPA,,kg,,,,
2c06d858-76e8-3a2d-8153-090f7b92280b,emission,air,Mecoprop,,kg,,,,
80b72b16-cdb1-3148-a4e2-09cb03f1a2a6,water,fresh water body,Mecoprop,,kg,,,,
cab33102-3921-3e5a-89c3-76a93aa44dff,56: Administrative and Support and Waste Management and Remediation Services,5622: Waste Treatment and Disposal,Medium radioactive wastes,RNA,kg,,,,
8122f9fb-a740-3bb7-bb66-f3f64059629d,emission,air,Mercaptans,,kg,,,,
e2c65e04-f613-33db-9a6e-4cb4577b0005,emission,air,Mercury,,kg,,,,
2ae8f50e-97b7-33b5-b936-e1d199425695,emission,ground,Mercury,,kg,,,,
687b7004-d26d-3dfc-b8f2-81e092bc4bca,emission,water,Mercury,,kg,,,,
e4f371d2-4ae3-32b5-8a33-b4618c75e89e,ground,subterranean,Mercury,,kg,,,,
99d4ec5d-011f-3eb3-9cb8-45d152937193,human-dominated,agricultural,Mercury,,kg,,,,
74f41bc7-94b1-3370-adfd-cedbf6d8c2d9,saline water body,ocean,Mercury,,kg,,,,
10798d5b-2469-3715-b87f-6c60bce5c469,water,fresh water body,Mercury,,kg,,,,
4f816627-5cda-37b6-bc78-a6ee1ae4b089,emission,air,Metals,,kg,,,,
744039f7-9641-399c-9f9e-e4a78eab355b,emission,water,Metals,,kg,,,,
dd72517b-37d8-3fb8-b6d5-9f5c89d92499,air,subterranean,Methane,,kg,,,,
aab83476-ec6c-3742-af85-15d320b7ce80,emission,air,Methane,,kg,,85,,
5f7aad3d-566c-4d0d-ad59-e765f971aa0f,Emission to air,high population density,"Methane, fossil",,kg,,,,
ad362da4-86b8-3519-b904-d7f3be4328fe,emission,air,Methanol,,kg,,,,
a788bade-3e5a-31d7-82d6-10d0b4d359ae,emission,ground,Methanol,,kg,,,,
7306a222-cbbc-391d-bbc8-346904e41235,emission,water,Methanol,,kg,,,,
0c6204ba-3fc3-3205-a406-50b85be5dc72,water,fresh water body,Methanol,,kg,,,,
e8faa900-21bb-3f05-921a-75d854c9ac52,emission,air,Methomyl,,kg,,,,
0f66c76c-a738-34d2-9f22-c9b815fe429a,water,fresh water body,Methomyl,,kg,,,,
3711411e-bda8-3b2a-9317-b1ad17d2e12c,emission,air,Methyl acetate,,kg,,,,
b95121cf-ac27-306d-88e4-94a160ab28c9,emission,air,Methyl acrylate,,kg,,,,
18281313-4dde-31e9-a1ac-c210254d7130,emission,air,Methyl bromide,,kg,,9,,
086497a9-ac6e-3e3f-9b16-d980cc0bb381,emission,air,Methyl ethyl ketone,,kg,,,,
bf688e2e-ac31-3441-b17c-c8ab06c188c6,emission,water,Methyl ethyl ketone,,kg,,,,
fde1a2b2-c1f9-37de-88da-153689a9f16b,emission,air,Methyl formate,,kg,,,,
f0267c81-ff66-36f6-ba35-11b522316310,emission,air,Methyl hydrazine,,kg,,,,
da9d5cb9-ad52-3bca-99a9-650145f9cab5,emission,water,Methyl isobutyl ketone,,kg,,,,
02f393d6-bc1c-370e-9144-a022ddca1d0a,emission,air,Methyl methacrylate,,kg,,,,
0cf75565-4164-3e75-b847-4974ebe979fc,emission,air,Methyl parathion,,kg,,,,
c7186030-0347-32eb-862d-91f61b1cf017,emission,water,Methyl parathion,,kg,,,,
1e0a9f92-c0f8-3bf4-82b8-c9b9f8467754,troposphere,rural,Methyl parathion,,kg,,,,
5b1e81c8-845a-3cd4-8e7b-bc8300439acb,water,fresh water body,Methyl parathion,,kg,,,,
806ce2b4-1a8c-3844-8372-dd0fa3797c21,emission,air,Methyl tert-butyl ether,,kg,,,,
009ab972-c6c1-3200-b646-4152b467bea7,emission,air,Methylcyclopentane,,kg,,,,
f9fd0074-f765-3f38-a150-2ca0a82c37be,emission,air,Methylene chloride,,kg,,33,,
5b312e15-70b0-34f2-aca9-510316febf39,emission,water,Metolachlor,,kg,,,,
93f2d00e-e123-3fa7-826d-23c4450d949f,troposphere,rural,Metolachlor,,kg,,,,
0dfd1d77-5e92-3f90-bc7d-02cfb73b9da2,emission,water,Metribuzin,,kg,,,,
ca82f881-6699-3db1-9bed-eb6eb54bd49f,troposphere,rural,Metribuzin,,kg,,,,
4383b6b5-ccab-30f1-b0f9-aca7cfc30910,emission,air,Molybdenum,,kg,,,,
f95a65ae-f63c-39be-a86a-cb9b547b781b,emission,water,Molybdenum,,kg,,,,
52b2ea76-a40d-397e-8d03-bd3d2e94f6ac,ground,subterranean,Molybdenum,,kg,,,,
57703554-031f-366f-8681-d3980cdf1be0,human-dominated,agricultural,Molybdenum,,kg,,,,
b51e4a05-5955-3038-9417-74feef5fcf7a,saline water body,ocean,Molybdenum,,kg,,,,
9652dd80-c99b-3cfe-8168-51a979c27fbe,water,fresh water body,Molybdenum,,kg,,,,
49c894b2-2be7-369d-a6d7-6d2ce679db77,emission,air,n-Butyl acetate,,kg,,,,
ebf3aeb4-7a46-3029-a8f8-83d68f4d4ce5,emission,air,Naphthalene,,kg,,,,
6db1dc8d-facf-347f-9885-53936a44286b,emission,water,Naphthalene,,kg,,,,
f7255ec7-d864-334a-ab93-bf7268359d95,saline water body,ocean,Naphthalene,,kg,,,,
13eac271-a257-3845-8e89-b33d8807492a,water,fresh water body,Naphthalene,,kg,,,,
29212dbf-5c92-3200-aebd-52f80075b202,emission,water,"Naphthalenes, alkylated, unspecified",,kg,,,,
ad1bd08b-d640-3605-803e-988d109197e0,air,subterranean,Natural gas,,MJ,,,,
e318b2ad-99d6-3b8a-b468-afa2f13f5fd0,ground,subterranean,Neodymium,,kg,,,,
50f56ea3-e292-3c09-89d2-74466af5f11e,emission,air,Nickel,,kg,,,,
ade872db-a289-3467-bca5-112f4b96e874,emission,ground,Nickel,,kg,,,,
5a0f4337-3cdb-3484-84b4-67f1f5d0c113,emission,water,Nickel,,kg,,,,
78c6ba82-3263-365d-b27f-d9b8b75f112b,ground,subterranean,Nickel,,kg,,,,
0c4e68ee-b5db-3e40-80cd-294ef5c0ae59,human-dominated,agricultural,Nickel,,kg,,,,
b4cbb5ea-9149-3f22-9600-a4f8c96ea15d,saline water body,ocean,Nickel,,kg,,,,
8e0eccff-354c-3ff1-aafe-6dcd17bfdff6,water,fresh water body,Nickel,,kg,,,,
02e71963-66c4-3d19-8c70-aeec2316762c,emission,air,Nitrate,,kg,,,,
d6d40356-2c5c-3ae0-89a9-fec2a41f07b2,emission,ground,Nitrate,,kg,,,,
3b5d9ccd-0ce5-37ca-8865-c0e1863b405d,emission,water,Nitrate,,kg,,,,
552a99b1-9464-3588-b08d-9076437cc242,saline water body,ocean,Nitrate,,kg,,,,
676f217e-6637-306c-8cb8-e5a77dd32d4f,water,fresh water body,Nitrate,,kg,,,,
396d55c9-4676-3a15-a9a4-b9f91ad2d504,emission,water,Nitrate compounds,,kg,,,,
21fe23ee-7294-3874-9cc7-39f31bab1747,ground,subterranean,Nitratine,,kg,,,,
60913e05-68da-35d9-b5ae-e35e44e3c3df,emission,water,Nitric acid,,kg,,,,
e4683d80-6078-3dd4-b381-6489015df3db,emission,air,Nitric oxide,,kg,,,,
6b977b90-4f22-3641-a85e-0cb6a4da56d1,saline water body,ocean,Nitrite,,kg,,,,
a2624deb-5f1b-39f1-8cfa-9408098f7c63,water,fresh water body,Nitrite,,kg,,,,
b11bd361-08c0-33b4-b624-2baae45ed7d8,emission,air,Nitrogen,,kg,,,,
d4625608-6ef8-3ce6-bfa4-0f96f3535e23,emission,water,Nitrogen,,kg,,,,
e0b92d26-4203-3ae4-aa2d-db74fab4711b,Resource,air,Nitrogen,,kg,,,,
8929a2da-d0d4-3d43-a55a-af101126dcbf,saline water body,ocean,Nitrogen,,kg,,,,
8525d639-0e0b-30b7-a079-6f84791f0751,water,fresh water body,Nitrogen,,kg,,,,
a742c00e-7148-3f99-9ecc-16bb46bd2f4f,emission,air,Nitrogen dioxide,,kg,,,,
8d13ea5c-5e46-3829-8f0c-591bb287b6c0,water,fresh water body,Nitrogen dioxide,,kg,,,,
4382ba18-dd21-3837-80b2-94283ef5490e,emission,air,Nitrogen oxides,,kg,,,,
887419d2-a15b-3b0e-beb1-d0f98002952f,troposphere,rural,Nitrogen oxides,,kg,,,,
80d4ef62-ca97-37d6-87ac-83233956c063,emission,air,Nitrogen trifluoride,,kg,,12800,,
bc8e6793-7071-3c12-bac4-bb5adcb44f79,Technosphere Flows,CUTOFF Flows,"Nitrogen, liquid, at plant",,kg,,,,
cfee0524-7ad6-300b-b050-6249135a2492,emission,air,Nitrous oxide,,kg,,264,,
cc3f5214-382f-3bfd-8a4b-f1cae05306a6,troposphere,rural,Nitrous oxide,,kg,,264,,
1c84835d-be72-40b8-bdd9-c50cc5f7ee87,56: Administrative and Support and Waste Management and Remediation Services,5622: Waste Treatment and Disposal,"Non-hazardous waste, to incineration",,kg,,,,
42ae5c68-7cb4-4874-9cdf-aecf1d1560f4,56: Administrative and Support and Waste Management and Remediation Services,5622: Waste Treatment and Disposal,"Non-hazardous waste, to landfill",,kg,,,,
1897b106-f879-3b9e-b44d-b5bf29d9d6e5,emission,air,Nonane,,kg,,,,
fb778ab4-969f-33ce-9644-862f81ac0a8e,emission,water,o-Cresol,,kg,,,,
e99ddeb5-25be-3571-9b7a-2668d9531e8a,emission,air,o-Xylene,,kg,,,,
371dd7d6-178e-37c8-a648-b69256b742e8,emission,water,o-Xylene,,kg,,,,
2021cc6c-268d-3e0e-8007-8dec83ac951d,emission,water,Octadecane,,kg,,,,
86382895-8bd4-3a06-8690-741950b7d876,emission,air,Octane,,kg,,,,
86957ef8-d6c4-3521-a7ef-db7121f6d813,emission,water,"Oil and grease, unspecified",,kg,,,,
8a8008db-3abe-32e8-8a4a-8482b849bd77,ground,subterranean,Oil sand,,MJ,,,,
39587969-515b-3599-a403-78c461a936eb,emission,water,"Oils, unspecified",,kg,,,,
82c27b2a-69a8-4b1e-ad4e-4de9475630c6,Emission to water,surface water,"Oils, unspecified",,kg,,,,
0727fbdb-9d8e-3fed-bc91-c8d907e90249,human-dominated,industrial,"Oils, unspecified",,kg,,,,
7feb7eb1-5536-3c58-8cbc-997cb5cdec6e,saline water body,ocean,"Oils, unspecified",,kg,,,,
5f85e79a-3a90-3599-bdf6-9ce9e00d742a,ground,subterranean,Olivine group,,kg,,,,
2ceaf954-3f37-390d-a1df-b705f837158f,emission,air,Organic acids,,kg,,,,
1767d662-f96c-38d8-98e4-cc840d9aafd3,emission,air,Organic compounds,,kg,,,,
9ab45d94-d670-366d-8215-0b743a9fa104,emission,air,Orthophosphate,,kg,,,,
a068de64-a23b-3f9b-859b-f0e31614fe56,emission,ground,Orthophosphate,,kg,,,,
97a0c2f4-6a88-3db0-bd03-777cdd5eb249,emission,water,Orthophosphate,,kg,,,,
fa18658d-694c-3a76-aa45-4245a9848ae0,water,fresh water body,Orthophosphate,,kg,,,,
16d59fe9-c2a4-35ee-8885-c3ec290e804f,ground,subterranean,Osmium,,kg,,,,
c3446115-c5d7-3721-81d4-d3b2cdbff8b5,56: Administrative and Support and Waste Management and Remediation Services,5622: Waste Treatment and Disposal,Overburden (deposited),RNA,kg,,,,
22144b1f-4fc0-3643-953b-ede9a14e9ed4,emission,air,Oxygen,,kg,,,,
3c12ea56-b2b0-3fb0-9214-46dc9af0ff0b,Resource,air,Oxygen,,kg,,,,
7ca58e58-ada7-36c9-bdc6-1eea26d32abb,emission,air,p-Cresol,,kg,,,,
4455910b-affc-3fe1-a3bb-4e823b5b5794,emission,water,p-Cresol,,kg,,,,
d221cc8c-6727-32a7-a21a-19e92766ba4e,emission,water,p-Cymene,,kg,,,,
8e880bf8-6567-3247-afb3-52a7b6c8ab5a,emission,water,p-Xylene,,kg,,,,
a3f9fcea-4205-3a29-8364-2d0868fc99b2,emission,air,Palladium,,kg,,,,
d7eda847-e9b9-316e-b75e-847ed200d4d8,ground,subterranean,Palladium,,kg,,,,
ff83fe3a-6357-3c9e-b66b-9ac7ef8a75e3,emission,water,Paraquat,,kg,,,,
5bbe3ff4-8b34-3c29-9567-1994851ecbcd,troposphere,rural,Paraquat,,kg,,,,
0418b561-ecf8-33c8-9c81-225789f15bd3,emission,air,Particulate matter,,kg,,,,
4ef93178-f74c-3bb3-af35-313d9712ce0a,troposphere,rural,Particulate matter,,kg,,,,
a7eb485a-5288-3bb8-aad2-ce1992ec92b8,emission,air,"Particulate matter, > 10m",,kg,,,,
4652e3ad-c583-32b0-b146-b247e4a4d9c6,emission,water,"Particulate matter, > 10m",,kg,,,,
a320e284-d276-3167-89b3-19d790081c08,emission,air,"Particulate matter, > 2.5m and  10m",,kg,,,,
5a939c2b-cebf-3060-8862-4a8650caf6dd,emission,air,"Particulate matter,  10m",,kg,,,,
32f40e39-7f70-3d64-b878-efd3a641dd11,emission,water,"Particulate matter,  10m",,kg,,,,
49a9c581-7c83-36b0-b1bd-455ea4c665a6,emission,air,"Particulate matter,  2.5m",,kg,,,,
073be456-9caf-3831-acdf-4ad7d566855b,ground,subterranean,Peat,,MJ,,,,
76b25848-8799-39d5-b64b-c23a5b706b10,emission,water,Pendimethalin,,kg,,,,
cddc11b0-91ef-361f-b00e-bbd12ee872e2,troposphere,rural,Pendimethalin,,kg,,,,
00e4f3a0-9b8d-3463-bb0c-18e60dbc6d5f,water,fresh water body,Pentachlorophenol,,kg,,,,
6c7402f5-173f-358a-8724-db60071b5091,emission,air,Pentane,,kg,,,,
38c25265-acd4-3957-9e79-ed67efbfc2d6,emission,water,Permethrin,,kg,,,,
57c6b5f6-a406-3342-8cbf-c82dfa282fd9,troposphere,rural,Permethrin,,kg,,,,
19ace282-1f90-4f63-8921-e350e8f0671b,,,"PET, macroplastic",,kg,,,1,
b711c099-b926-4e09-838f-f2a27ebff39f,,,"PET, microplastic",,kg,,,,1
12ae4a71-1402-36e9-ada8-fe6cb98c56ee,emission,air,Phenanthrene,,kg,,,,
f4d494d1-6e82-3f63-a2d5-610f40dc08b4,emission,water,Phenanthrene,,kg,,,,
08e63ddf-e187-31d8-8acd-47ba881b2812,emission,water,"Phenanthrenes, alkylated, unspecified",,kg,,,,
45880be9-788f-387b-8b1b-c38615cc48e2,emission,air,Phenol,,kg,,,,
82fcc18d-8502-385b-8749-17b8f19fd177,emission,water,Phenol,,kg,,,,
6d8f1563-ff93-33fa-9580-9433c974a39a,saline water body,ocean,Phenol,,kg,,,,
0c81a0c0-129b-3bc8-a0ec-ea76d687d077,water,fresh water body,Phenol,,kg,,,,
48b51613-f8fc-326e-8cae-bc6394e237c8,emission,air,Phenols,,kg,,,,
12812f0a-dd3e-3a55-b1fc-9fc7d5ea994f,emission,water,Phenols,,kg,,,,
51ebde71-b96d-32e0-a8e3-d57f5e7f97fb,urban,ground-level,Phenyl ether,,kg,,,,
b5042950-e3b2-3952-8506-73a0ec3d196f,emission,water,Phorate,,kg,,,,
9180a592-f236-37ad-a029-98a5ff943324,troposphere,rural,Phorate,,kg,,,,
bcacf46d-46f2-3ac3-8f01-caf9bf103514,emission,air,Phosphine,,kg,,,,
1733622b-b54a-3202-8e58-4670a96ef6b3,emission,water,Phosphorus,,kg,,,,
234d2546-8593-3e28-8613-38f68c6de50d,ground,subterranean,Phosphorus,,kg,,,,
ee10bcbf-a068-37a0-a393-6093e7b9a9b0,human-dominated,industrial,Phosphorus,,kg,,,,
f20850de-12e2-3257-9ece-599ff27441c7,saline water body,ocean,Phosphorus,,kg,,,,
40fc9a0c-f101-3840-96b5-8919b3dc2e79,water,fresh water body,Phosphorus,,kg,,,,
6f9e4b15-50b2-3a3e-8464-fe2bc00448a2,emission,water,Phosphorus compounds,,kg,,,,
5c4e7915-d558-332b-9958-616b4ee89244,ground,subterranean,Platinum,,kg,,,,
e79b4a93-9cd0-3718-8de3-14e8f5b9ec09,emission,air,Plutonium-238,,kBq,,,,
427a28ad-0adf-332e-b1fb-96e31c1ea448,water,fresh water body,Plutonium-238,,kBq,,,,
d4db8e12-ceb5-30bd-847b-7d958abc8dc3,emission,air,Polonium-210,,kBq,,,,
18819e98-6dd1-3a8f-a27a-67ca826f3381,emission,air,Polychlorinated biphenyls,,kg,,,,
3bf6bb55-a2d2-36a1-988c-3caf0d73baf9,emission,air,Polycyclic aromatic hydrocarbons,,kg,,,,
29d0b153-d7e0-3023-963a-e1cc8bf18d51,emission,ground,Polycyclic aromatic hydrocarbons,,kg,,,,
1964972d-5629-31de-9989-bf30f453253d,water,fresh water body,Polycyclic aromatic hydrocarbons,,kg,,,,
c19325cf-8ba0-34b3-b560-7e2db346d382,emission,air,Polycyclic organic matter,,kg,,,,
581192af-b7e6-416f-8a2a-1b18a41ce0dd,Technosphere Flows,CUTOFF Flows,polydimethylsiloxane,,kg,,,,
b40da311-0bb6-33d0-9f09-4f77617426c5,Technosphere Flows,CUTOFF Flows,"Potash Fertilizer (K2O), at plant",,kg,,,,
5207f3a6-df59-315b-a1ac-2ba8e184c666,emission,ground,Potassium,,kg,,,,
48c481d2-a5da-3974-9695-ab588b961a2c,emission,water,Potassium,,kg,,,,
89ecb62a-7dbd-3acd-bf8b-f6932749a8f9,ground,subterranean,Potassium,,kg,,,,
f646a425-64f7-362b-9932-9aeaccbeb294,saline water body,ocean,Potassium,,kg,,,,
2abd757a-9e8f-3b20-94c0-2d991b675e36,water,fresh water body,Potassium,,kg,,,,
46385c83-fd05-30ad-9da0-fce429a23a30,ground,subterranean,Potassium chloride,,kg,,,,
fdfa5afe-1ee7-4ba8-802c-20a01249a972,,,"PP, macroplastic",,kg,,,1,
6116b25e-7499-460c-b213-71a1a19e4564,,,"PP, microplastic",,kg,,,,1
e1fbd32b-64b1-3e02-92ea-8cc8ef83dd2a,ground,subterranean,Praseodymium,,kg,,,,
d7561431-fe1f-3854-862b-a3d2840d39e1,emission,air,Propane,,kg,,,,
592fa548-20aa-36e9-b703-68be0ff6f30a,emission,air,Propionaldehyde,,kg,,,,
d58c0068-da31-3dfd-8017-8f1ebd577e7d,emission,air,Propionic acid,,kg,,,,
2014edbf-fd15-3674-8927-701264cb597f,emission,air,Propylene,,kg,,,,
2d6ad8a3-2e52-39c0-ba55-d9ad379705cb,emission,water,Propylene glycol,,kg,,,,
4e4f5897-255d-3c10-97aa-ed9bcce888d3,emission,air,Propylene glycol 1-methyl ether,,kg,,,,
2a5ef0fa-b99b-3825-9afe-75a430b127d9,emission,air,Propylene glycol monomethyl ether acetate,,kg,,,,
4925db0d-7f56-3efa-ada9-eb799c3edd5b,emission,air,Propylene oxide,,kg,,,,
19dfa28f-3397-3e39-820a-147c60c0feb8,emission,air,Protactinium-234,,kBq,,,,
a3a553df-aec1-3023-b702-1200110f262a,water,fresh water body,Protactinium-234,,kBq,,,,
c77cf989-9fe3-43db-bd96-4bd0b2230c09,,,"PS, macroplastic",,kg,,,1,
c2efcccb-869a-48c5-9d3e-0c74a05a39ea,,,"PS, microplastic",,kg,,,,1
f8619379-37df-30be-bf02-e9945881c2d3,ground,subterranean,Pumice,,kg,,,,
12314e80-687b-49e2-908d-6f4162a18122,,,"PVC, macroplastic",,kg,,,1,
fcd65174-2d86-4b98-9597-1f41df55e8b0,,,"PVC, microplastic",,kg,,,,1
b51b5cbd-b0cb-3104-b03b-4fbc12829a9e,emission,air,Pyrene,,kg,,,,
6b4058f2-4c68-3f1f-8d23-4f41c36ef1bc,ground,subterranean,Pyrite,,kg,,,,
a36c7dc9-b216-341e-8285-ffbae2069cb0,ground,subterranean,"Quartz, sand",,kg,,,,
d3ba6907-97fc-3d55-b105-b48eabccf508,56: Administrative and Support and Waste Management and Remediation Services,5622: Waste Treatment and Disposal,Radioactive tailings,RNA,kg,,,,
190624ea-8ca6-383c-aeb4-8efa942b544f,emission,air,Radionuclides,,kBq,,,,
cf99fc3b-5c94-31ca-a16b-c6c1f48b5054,emission,water,Radionuclides,,kBq,,,,
444176fb-329e-3745-91e5-e2aefd718b28,emission,air,Radionuclides (Including Radon),,kg,,,,
ecbbb5ee-5d27-3441-80ed-6b9786c311e1,water,fresh water body,Radium-224,,kBq,,,,
741dd160-026e-3849-9f37-b9520f28656e,emission,air,Radium-226,,kBq,,,,
643aef04-de1f-3c91-a4d8-71f164dbe30f,emission,water,Radium-226,,kBq,,,,
2cdcb680-d296-31c5-9322-c000362c66e7,water,fresh water body,Radium-226,,kBq,,,,
02ee8bfe-ea2c-3dfd-944d-53bd8c43a42a,emission,water,Radium-228,,kBq,,,,
feb22f16-f008-30f6-a8f9-926a5bb86e92,water,fresh water body,Radium-228,,kBq,,,,
11a32a93-218c-3322-b620-b25f3dab1bb8,emission,air,Radon-222,,kBq,,,,
ba9e55fd-c5a6-41ef-9488-d6a6ee08f510,Technosphere Flows,CUTOFF Flows,"Recycling, hazardous waste, to recovery",,kg,,,,
8191e38b-421f-4348-a2e0-29303147f2d1,Technosphere Flows,CUTOFF Flows,"Recycling, solid waste, to recycling or reuse",,kg,,,,
adc79a99-03bc-3f30-8e32-3fded81f5b76,Technosphere Flows,CUTOFF Flows,"Recycling, wood waste, unspecified",,kg,,,,
925ac29a-c7d3-3f35-9eff-5cc3232f2f55,emission,air,Rhodium,,kg,,,,
fb96ea76-8266-3fab-bacd-904c834d4635,ground,subterranean,Rhodium,,kg,,,,
7d159466-f46f-31f8-b723-6116c72c9ec3,ground,subterranean,Rock,,kg,,,,
f9bfebc3-932f-3427-827a-a4972c05203c,"11: Agriculture, Forestry, Fishing and Hunting",1133: Logging,"Roundwood, hardwood, average, at forest road",RNA,m3,,,,
cb70e887-e2b4-399d-b681-0d0932abe44b,ground,subterranean,Ruthenium,,kg,,,,
3831c7d8-e159-3174-82a3-44907650d19a,saline water body,ocean,Ruthenium-106,,kBq,,,,
40c5025c-0623-3738-9f08-a986984a5944,water,fresh water body,Ruthenium-106,,kBq,,,,
3689c0b8-78fd-325f-a7b7-2625795cbb38,emission,water,S-Ethyl dipropylthiocarbamate,,kg,,,,
e356a358-b850-3c9d-a9a6-f1b4163cb84a,troposphere,rural,S-Ethyl dipropylthiocarbamate,,kg,,,,
67fa9688-b522-301f-be1a-1c1df892c588,ground,subterranean,Samarium,,kg,,,,
ae2ae835-e8e2-3e31-b395-a44aa4708c13,emission,air,Scandium,,kg,,,,
b6db14bd-73e9-3f02-852a-e8b5e60bbc61,emission,air,Selenium,,kg,,,,
89a74257-9468-34f6-b780-2c20a555626f,emission,ground,Selenium,,kg,,,,
215fdef5-4bee-3402-b597-d0ae5c449b3b,emission,water,Selenium,,kg,,,,
095f743a-de5f-3024-bc05-edb6c41b562a,water,fresh water body,Selenium,,kg,,,,
ef199c1d-eaee-348d-9cdd-a3002a16a7c6,ground,subterranean,Shale,,kg,,,,
0aecbc74-0a66-3812-8d4c-409144f04ac8,emission,air,"Silane, tetrafluoro-",,kg,,,,
4166022a-2e21-3ec2-836c-e8b95bdc5124,water,fresh water body,Silica,,kg,,,,
e2892617-57cb-375b-87c2-ac37fdff4109,Technosphere Flows,CUTOFF Flows,"Silica sand, at mine",,kg,,,,
4020c94c-829f-3e41-be2b-69255638d06b,emission,water,Silicate group,,kg,,,,
756d861a-c54c-3843-8450-8628787abbfc,ground,subterranean,Silicon,,kg,,,,
c0e826d9-ea03-3ea5-bf64-cb2f02b43003,emission,air,Silver,,kg,,,,
f3c908b3-a355-388d-aa06-adbfb8ce12dc,emission,water,Silver,,kg,,,,
1c036e0a-d3f7-3fac-a216-8ede640381c2,ground,subterranean,Silver,,kg,,,,
1d4e50da-5177-3978-bd0b-e8f98ab38eb1,saline water body,ocean,Silver,,kg,,,,
11db6e66-396e-3e2f-a1e9-4a7e6b0e75fa,water,fresh water body,Silver,,kg,,,,
5676882d-4fcb-3514-99c7-d46b9be36178,water,fresh water body,Silver-110,,kBq,,,,
9b9dc1cb-8bca-372a-b3c5-4b940593b281,emission,water,Simazine,,kg,,,,
7b100bfd-8e55-399b-b1e1-ed934171a0c8,troposphere,rural,Simazine,,kg,,,,
3c4b0e5d-6500-4ada-9a2c-58e43ac96500,56: Administrative and Support and Waste Management and Remediation Services,5622: Waste Treatment and Disposal,Slag (deposited),RNA,kg,,,,
87305a81-dbfd-351d-bd12-d86e73cc9f33,ground,subterranean,Slate,,kg,,,,
23639586-433b-3876-b3c3-eff7f8ad761c,emission,ground,Sodium,,kg,,,,
ba614600-af03-39a6-a0f5-897debdf159c,emission,water,Sodium,,kg,,,,
2ec635b8-7817-3db2-8b19-c54a8115369f,saline water body,ocean,Sodium,,kg,,,,
28f62930-142e-35d7-95ff-e07e377f6e00,water,fresh water body,Sodium,,kg,,,,
8bfbde02-15a7-3ce0-8077-439631f2b2d3,emission,water,Sodium chloride,,kg,,,,
5b74d142-51e8-33d7-8116-ab57289d2993,ground,subterranean,Sodium chloride,,kg,,,,
f338dd70-dcd0-33e9-b26a-ba5c8042f793,Resource,ground,Sodium chloride,,kg,,,,
f6cee6e4-5fa6-4047-8860-7d37defa88fb,Technosphere Flows,CUTOFF Flows,"Sodium chloride, brine solution, at plant",,kg,,,,
ec37fd47-c8ef-3bdb-9771-9be1b15d6e95,emission,air,Sodium hydroxide,,kg,,,,
82ce78e1-6df6-4e61-ad00-7b5918912dbb,Technosphere Flows,CUTOFF Flows,sodium phosphate,,kg,,,,
506ae452-128f-3fe8-81d7-368297149b2c,emission,water,Sodium sulfate,,kg,,,,
2384eba2-ded6-3460-988a-fa75bb767e4e,ground,subterranean,Sodium sulfate,,kg,,,,
81fab966-bdc6-3429-8d8b-3d2bd057f928,emission,water,Sodium(I),,kg,,,,
21e226d7-2118-3747-bd67-d825e2c3a7bc,ground,subterranean,Soil,,kg,,,,
ada4bdda-6930-33b9-a9ce-1677e5503ecb,56: Administrative and Support and Waste Management and Remediation Services,5622: Waste Treatment and Disposal,Spoil (deposited),RNA,kg,,,,
c36caeb2-b133-3a74-9bdb-9e00e3f6dd23,ground,subterranean,Stone,,kg,,,,
302920d1-c74b-3ff7-98e6-0cbbdd8431f2,emission,air,Strontium,,kg,,,,
4ac6cdf2-e742-3dfd-bde7-af7567bc4e35,emission,ground,Strontium,,kg,,,,
42904b8f-ac78-3e54-8774-2d117b505a09,emission,water,Strontium,,kg,,,,
8f5250e5-7a32-35cb-8b78-2ef14d2dbf80,ground,subterranean,Strontium,,kg,,,,
73bd4fe2-60e6-31a5-8360-0c38552a3384,saline water body,ocean,Strontium,,kg,,,,
f6e6f120-b32d-33c8-893e-0f31ed115de0,water,fresh water body,Strontium,,kg,,,,
d60d22ff-4ffb-30e8-95d9-a9cc62a94569,saline water body,ocean,Strontium-90,,kBq,,,,
126085ec-4124-3205-835f-f52248399a8e,water,fresh water body,Strontium-90,,kBq,,,,
69bc8b47-09b5-3a09-b7f4-3e4d2925ce5a,emission,air,Styrene,,kg,,,,
ae949cd2-45b1-39fb-9c52-943019cdba9b,emission,water,Styrene,,kg,,,,
91135754-4694-3e21-977b-9f7e352fba00,emission,air,Sulfate,,kg,,,,
9cf42314-fd4f-358e-8fe2-58f3c0c8b478,emission,ground,Sulfate,,kg,,,,
0c241f3e-aa86-3804-8bd8-6082e2ad201f,emission,water,Sulfate,,kg,,,,
76707222-b0e3-3602-8195-638a8222b7fc,ground,subterranean,Sulfate,,kg,,,,
89b660ee-7f0e-38f6-bc1b-7a19a5031bef,saline water body,ocean,Sulfate,,kg,,,,
90fdc24c-adbc-37c9-8084-76165ebdd76f,water,fresh water body,Sulfate,,kg,,,,
594d2669-3045-3488-90bd-c17920d24c2e,emission,ground,Sulfide,,kg,,,,
caa29242-717c-37bd-b57b-de22a122d579,emission,water,Sulfide,,kg,,,,
e1095f4f-d4a7-3a18-a90d-35748aa47040,saline water body,ocean,Sulfide,,kg,,,,
5f8b336e-8505-358e-9c79-787ded52a418,water,fresh water body,Sulfide,,kg,,,,
bf70450b-1e24-3393-a065-cb823b3b4722,water,fresh water body,Sulfite,,kg,,,,
e59ceec8-4ad5-315b-819d-5f2350aec15e,emission,air,Sulfur,,kg,,,,
c6b97da9-b228-3d5a-9ce1-014e9089cca7,emission,ground,Sulfur,,kg,,,,
40909f94-a484-353e-9a4b-4ec6a1fb966f,emission,water,Sulfur,,kg,,,,
c1714173-ce4e-3062-94e5-c9b935ca8ecb,ground,subterranean,Sulfur,,kg,,,,
5255c318-b8f7-3e04-9225-c6635db142db,human-dominated,agricultural,Sulfur,,kg,,,,
c4a5e4fa-73d7-353a-a174-d40d3728a6f6,saline water body,ocean,Sulfur,,kg,,,,
905b4a9b-d2e5-3470-b7ff-66ec52430e4d,water,fresh water body,Sulfur,,kg,,,,
f4973035-59f5-3bdc-b257-b274dcc04e0f,emission,air,Sulfur dioxide,,kg,,,,
8334c424-1603-3274-bec1-15a7bd5c8e86,emission,air,Sulfur hexafluoride,,kg,,17500,,
42e4c3cb-8468-3004-bd4b-19e6cbb81687,emission,air,Sulfur oxides,,kg,,,,
e7db2838-8512-3079-a3fc-bd3361d22943,emission,air,Sulfur trioxide,,kg,,,,
6885e4ca-1f20-3457-bcd8-b409c641c69d,water,fresh water body,Sulfur trioxide,,kg,,,,
0838fbf7-0add-3353-ba9a-b187edeb85d6,emission,air,Sulfuric acid,,kg,,,,
b92c1a95-27d2-3e3b-96a6-99ef87136c2b,water,fresh water body,Sulfuric acid,,kg,,,,
a5aa7b59-9ac1-3dd9-a0d2-f7f3451c05e1,Technosphere Flows,CUTOFF Flows,"Surfactant, unspecified",,kg,,,,
ed34465d-dcb1-3926-a995-ee361882cb1e,emission,water,Surfactants,,kg,,,,
a0372906-7f36-3295-b092-ecef58b7d23f,emission,water,"Surfactants, unspecified",,kg,,,,
f0c2682e-2a68-33f1-80bb-005ee7844eb0,emission,water,"Suspended solids, inorganic",,kg,,,,
e3dfc9b8-a8d8-3b5e-b222-e1f55c29f99f,56: Administrative and Support and Waste Management and Remediation Services,5622: Waste Treatment and Disposal,Tailings (deposited),RNA,kg,,,,
79460bb2-3e67-3f40-a84d-45d8413b846b,ground,subterranean,Talc,,kg,,,,
5d4e58f8-73b2-3151-bb35-855b1ee18856,ground,subterranean,Tantalum,,kg,,,,
df9f186c-1152-35ce-b289-dd49e0cc58ef,water,fresh water body,Tantalum,,kg,,,,
562cddc2-e517-3896-a5d6-1be8fdb73f7f,emission,air,Tellurium,,kg,,,,
ba950499-789b-30ad-b6f8-988492074643,emission,air,Terbufos,,kg,,,,
f2d8b56c-6f3c-3d40-8096-391a0fd4aa26,emission,water,Terbufos,,kg,,,,
a5a3fec1-f10b-3841-a1cd-b41e74ae63f0,troposphere,rural,Terbufos,,kg,,,,
e6e80706-c842-3426-a2a8-07722948abf8,water,fresh water body,Terbufos,,kg,,,,
984f3962-1a35-3813-bbf1-e3887be06b6f,emission,air,Tetrachloroethylene,,kg,,,,
e81ee6cc-74cb-3011-a5e4-24178e10f377,saline water body,ocean,Tetrachloroethylene,,kg,,,,
bcc7b57f-4a33-32fd-afe4-6628dba839c7,water,fresh water body,Tetrachloroethylene,,kg,,,,
bcdf6759-681b-3ad9-b88f-bdfc202b5bb2,emission,air,Tetradecane,,kg,,,,
670a7e81-4e50-3ee6-9a86-3e31d4f05778,emission,water,Tetradecane,,kg,,,,
9afdd2c1-9b05-3de5-a6ba-eb95948a71fa,emission,air,Thallium,,kg,,,,
6051a1f6-90e3-3231-b4e6-fdd69c961129,emission,water,Thallium,,kg,,,,
ee2e5b64-73d5-331a-9cca-25790016d1c9,water,fresh water body,Thallium,,kg,,,,
0d49536b-d0ab-3230-96f0-76b0bb4f83fb,emission,air,Thiram,,kg,,,,
da7da5bc-18ef-3ba3-ae73-4173d52f8e3e,water,fresh water body,Thiram,,kg,,,,
8ecf4062-85a8-3cbf-bd16-c7dae3812c01,water,fresh water body,Thorium-228,,kBq,,,,
e8290192-858e-386e-b764-cc1d1b8d4556,emission,air,Thorium-230,,kBq,,,,
579b2db3-5039-37ea-9080-c2f1cb359746,water,fresh water body,Thorium-230,,kBq,,,,
45e642f2-1460-3479-aeb0-9252a8957a1e,emission,air,Thorium-234,,kBq,,,,
6dd759d4-a083-38bc-9ba1-f6318c8dcd2b,water,fresh water body,Thorium-234,,kBq,,,,
675a365a-5e6f-3961-9252-18aba6c1296a,ground,subterranean,Thulium,,kg,,,,
6a363e7a-441d-3c00-bd50-72bf574ad92d,emission,air,Tin,,kg,,,,
e169f5f8-18bf-33b2-94d6-7c95d5a83259,emission,water,Tin,,kg,,,,
3039078d-dda5-3b34-9031-d3c491421611,ground,subterranean,Tin,,kg,,,,
cc7c120e-74e7-3d1f-b574-765a7aa2c5a6,human-dominated,agricultural,Tin,,kg,,,,
4101bcb5-e91c-3a66-88d6-8fad59847cfe,saline water body,ocean,Tin,,kg,,,,
895697f9-03b5-3a0a-b692-cdcbdde82568,water,fresh water body,Tin,,kg,,,,
2de679f1-fced-3d34-b970-7fbee15c4d6c,emission,air,Tin oxide,,kg,,,,
42b724c4-3782-350c-b290-ede340ab29d1,emission,air,Titanium,,kg,,,,
0f2dc726-d62a-3a67-bf97-af90ef81af0a,emission,water,Titanium,,kg,,,,
0b733b8f-c65f-3662-9b57-49429edce1de,ground,subterranean,Titanium,,kg,,,,
347eca0e-b435-30d0-8e8c-02dd23cb9694,Resource,ground,Titanium,,kg,,,,
43eb64cf-427f-3f05-a3a8-94ed3cd4dab9,saline water body,ocean,Titanium,,kg,,,,
72c1472d-3910-4e85-8438-64af9aa2623f,Technosphere Flows,CUTOFF Flows,Titanium,,kg,,,,
88d4be66-6b22-3c67-9e39-66a31f452554,water,fresh water body,Titanium,,kg,,,,
3f72fe9c-b003-38ee-b8d2-13a84f60506c,emission,air,Toluene,,kg,,,,
f7ebc6df-b3ee-30de-b6e8-c70e155854b3,emission,water,Toluene,,kg,,,,
3070462d-cbcc-374f-8aef-a477a80e82dd,saline water body,ocean,Toluene,,kg,,,,
f7a95b4d-e51b-37af-be53-4e5d991b007c,water,fresh water body,Toluene,,kg,,,,
61a45604-2ff4-384b-8d90-bae7206c2540,emission,water,Total dissolved solids,,kg,,,,
96bb139f-09ed-30d0-9c02-5c86716d783d,water,fresh water body,Total dissolved solids,,kg,,,,
2f1ba44b-e661-3677-81dd-ff0086adf2fe,emission,air,Total Organic Carbon,,kg,,,,
cbf6df8e-c4a2-3920-a97a-2238ccb7bc6c,emission,water,Total Organic Carbon,,kg,,,,
7f5783b2-3ff2-3fa1-aca1-b3be20657d9e,saline water body,ocean,Total Organic Carbon,,kg,,,,
47fcfe11-e740-3b38-94d2-ca17b2f5ebc6,water,fresh water body,Total Organic Carbon,,kg,,,,
786e8081-5f2e-3bab-9585-d0dba98ec7c3,emission,water,Total suspended solids,,kg,,,,
297a9650-621a-325a-97f3-073c469b7848,emission,air,trans-2-Butene,,kg,,,,
3de26185-5e91-31a3-8e73-000e65bcd3bf,emission,air,trans-2-Pentene,,kg,,,,
c0143eba-3daf-44ad-8d34-6e1d34128ace,Resource,land,"Transformation, from agriculture",,m2,,,,
f05cca02-ec18-4acc-9939-59658ff9a554,Resource,land,"Transformation, from arable",,m2,,,,
a687e5df-4694-4151-ba84-0722481d6fdf,Ecosystem Services,,"Transformation, from arable, irrigated, intensive",,m2,,,,
37b2391c-6d90-4ef3-be80-df3d114cface,Ecosystem Services,,"Transformation, from arable, non-irrigated, intensive",,m2,,,,
ac0aba5c-66ce-42c9-9f46-1e47ab7bc4b9,Resource,land,"Transformation, from forest, natural",,m2,,,,
9c15ac25-4ac3-454c-8104-4d10cfba9376,Ecosystem Services,,"Transformation, from forest, primary",,m2,,,,
d4008b63-fb71-4e00-bfda-3528c9c7e40d,Ecosystem Services,,"Transformation, from forest, used",,m2,,,,
80a0d183-7b74-4497-95f5-8bf25681c32e,Ecosystem Services,,"Transformation, from grassland",,m2,,,,
32e9ce57-5c64-44fe-ba5f-e29adb467eb7,Ecosystem Services,,"Transformation, from grassland/pasture/meadow",,m2,,,,
2c126bcc-bb63-4d63-bd72-f02a1e616809,Resource,land,"Transformation, from pasture and meadow",,m2,,,,
fcb77a5a-6882-4aeb-82a9-ba57688d2224,Resource,land,"Transformation, from permanent crop",,m2,,,,
dd5923b1-6ff5-4bb2-a37a-20b84727c16a,Ecosystem Services,,"Transformation, from permanent crops, non-irrigated, extensive",,m2,,,,
d4b314f8-1a50-45bf-b139-79dca87d197f,Ecosystem Services,,"Transformation, from unspecified, natural",,m2,,,,
651df0ec-3468-4453-aa11-dc197034517f,Ecosystem Services,,"Transformation, from wetlands",,m2,,,,
28e5f69f-7b2e-4e31-9725-d407b2964b3f,Resource,land,"Transformation, to agriculture",,m2,,,,
f6225b5f-b9cf-4c88-82d2-a578e1ce5e42,Ecosystem Services,,"Transformation, to arable, irrigated, intensive",,m2,,,,
3b9ccd9f-1dd3-48ad-b444-b08fb5a63a89,Ecosystem Services,,"Transformation, to arable, non-irrigated, intensive",,m2,,,,
8af79474-1d57-4251-a878-c2973b2814e6,Ecosystem Services,,"Transformation, to bare area",,m2,,,,
9a5a635a-43ae-3f05-914d-04d1dfb24a70,Ecosystem Services,,"Transformation, to forest",,m2,,,,
8db68d81-3998-4b52-af19-2beb2ac9a98e,Ecosystem Services,,"Transformation, to forest, used",,m2,,,,
0e6a0c9e-ced9-3e7e-8fbf-a8cf18791884,Ecosystem Services,,"Transformation, to industrial area",,m2,,,,
6e02ccfc-9eb5-4a51-be9a-870c1087c833,Resource,land,"Transformation, to permanent crop",,m2,,,,
9089d7ad-09b1-4174-a188-8844ebde2d5d,Resource,land,"Transformation, to shrub land, sclerophyllous",,m2,,,,
fae48449-451a-4d3c-b2fd-fc9102913b95,Ecosystem Services,,"Transformation, to unspecified, natural",,m2,,,,
b44dd5be-1bac-3696-9bb3-0dd49fe301f6,Ecosystem Services,,"Transformation, to urban, discontinuously built",,m2,,,,
5ad60ebf-0454-3157-ba57-5e989b8bbbfe,Technosphere Flows,CUTOFF Flows,"Transport, pipeline, coal slurry",,t*km,,,,
63cd7d9e-4d73-4c4e-a87b-636959052b6c,Technosphere Flows,CUTOFF Flows,"Treated drinking water, at plant",,kg,,,,
53effec4-058b-3ab7-b7d5-005d39dd0eb9,emission,air,Tribromomethane,,kg,,,,
b5396e0b-2dd1-32e1-ab4f-ef11a7af2db2,emission,air,Trichlorfon,,kg,,,,
69ed4d24-344e-327b-b3f8-4aa90b11596c,water,fresh water body,Trichlorfon,,kg,,,,
2a38b77f-5e72-3a0e-b331-7ce360ac47a1,emission,air,Trichloroethylene,,kg,,,,
ce29c37b-e901-3ca1-a8ef-5bdb4c937deb,emission,air,Tridecane,,kg,,,,
a3747292-9d09-3306-9b43-d1543509e8c4,water,fresh water body,Triethylene glycol,,kg,,,,
2302a27a-54b2-3c15-a655-88c3063a8f0a,emission,air,Trifluralin,,kg,,,,
181a1a62-d425-3fb2-831d-ad9dadc3b771,water,fresh water body,Trifluralin,,kg,,,,
8f4fd0a9-732e-3cce-b77f-6d5e4c7f35ed,emission,air,Trimethylbenzene,,kg,,,,
58f54817-71a6-30c8-a2dc-ed7de941afdd,emission,air,Tritium,,kBq,,,,
a7a1c7fa-7603-3990-8684-5856281c9f3e,saline water body,ocean,Tritium,,kBq,,,,
ad39535c-57aa-3c48-ab71-3f2386adadb0,water,fresh water body,Tritium,,kBq,,,,
6b9b06bc-c983-3af8-b4b7-600219378bfc,ground,subterranean,Trona,,kg,,,,
f46f1833-fdcb-3a8e-8877-c5c753f129c9,water,fresh water body,Tungsten,,kg,,,,
56813306-dd68-3daf-a971-3a2989a4c128,emission,air,Undecane,,kg,,,,
e10e86a1-fd6a-3ac5-a822-55762e8ae99d,emission,air,Uranium,,kg,,,,
94f485ec-4c91-3a41-9164-7af3d249d316,ground,subterranean,Uranium,,kg,,,,
bdff254b-ff47-305e-99ee-ff2dddd46876,saline water body,ocean,Uranium,,kg,,,,
ce74a5da-6abb-36f0-8fcc-d78686a4291d,ground,subterranean,Uranium ore,,MJ,,,,
17f224af-6c5a-39df-892e-ea4c10be928a,Resource,ground,Uranium oxide,,MJ,,,,
1ab6fbf2-eba9-3962-b66e-2f47edf68957,emission,air,Uranium-234,,kBq,,,,
4b292b42-9415-3756-a161-626345bd6095,saline water body,ocean,Uranium-234,,kBq,,,,
fe973410-785a-37a0-adaf-5591ae83479b,water,fresh water body,Uranium-234,,kBq,,,,
0d657607-c3ae-35d3-bda1-6867f29bed9e,emission,air,Uranium-235,,kBq,,,,
978b0dfd-7ecd-306f-879a-f09a50fd38b9,water,fresh water body,Uranium-235,,kBq,,,,
7e3145d3-a1a3-36d0-ae11-d380127cde8b,emission,air,Vanadium,,kg,,,,
f5d6980f-0bab-38e7-a203-95da64eb6091,emission,water,Vanadium,,kg,,,,
8c47e87c-b527-322e-8e3c-0983ebddd612,ground,subterranean,Vanadium,,kg,,,,
0c95ceef-32c7-3d58-87f2-46e17aba674a,human-dominated,agricultural,Vanadium,,kg,,,,
c813dd2f-93bb-37bb-a06d-ffcbf0950812,saline water body,ocean,Vanadium,,kg,,,,
f1439952-a20f-3bb6-afa2-c276d099116f,water,fresh water body,Vanadium,,kg,,,,
ca50de59-971c-3414-8f6b-3a1b0062aba8,emission,air,Vinyl acetate,,kg,,,,
b5c72fb3-6445-33b7-aec4-ba41e30b8d14,emission,air,Vinyl chloride,,kg,,,,
839b1b58-8089-3455-9755-a839f9d1fdbc,emission,water,Vinyl chloride,,kg,,,,
f994e874-6fb7-3046-b46c-6bfec1b380f5,water,fresh water body,Vinyl chloride,,kg,,,,
6f861846-1c4c-3fc9-a198-56b2d9abd83b,emission,air,Volatile organic compounds,,kg,,,,
d6a91d9b-ff6e-3ee7-85d9-5d871937e7b9,troposphere,rural,Volatile organic compounds,,kg,,,,
6a1916f0-c6d9-36b9-a86e-7b5a3bffaf32,water,fresh water body,Volatile organic compounds,,kg,,,,
ae9b6fe4-7936-3620-b88e-1d03301c0163,56: Administrative and Support and Waste Management and Remediation Services,5622: Waste Treatment and Disposal,Waste (deposited),RNA,kg,,,,
e430eaa1-80c8-376d-a3bf-816c9a741807,emission,air,Water,,kg,,,,
9f9ec4e9-fd80-319a-bc10-d38773af3c43,fresh water body,river,Water,,kg,,,,
e2eb491c-78ff-3123-9e42-494c7d199b44,Resource,water,Water,,kg,,,,
2554f411-741b-3f04-a3c4-325f7a018f73,saline water body,ocean,Water,,kg,,,,
4d07c280-617e-3f43-bf30-6a60e95186f7,water,fresh water body,Water,,kg,,,,
01ec7937-eea7-3830-aaf6-3be74f4d952b,water,subterranean,Water,,kg,,,,
f03a34a8-e428-364e-8772-f7ae08b5fb8e,fresh water body,lake,"Water, fresh",,kg,,,,
1e7e2521-0be6-37ad-bd9c-6f62a5807807,fresh water body,river,"Water, fresh",,kg,,,,
5d717594-2c5c-394c-8eaf-9e9d2fd553fd,subterranean,fresh water body,"Water, fresh",,kg,,,,
af86add2-5264-3eb5-b475-a22807816b8b,troposphere,low,"Water, fresh",,kg,,,,
3a10ad4e-2c19-3be8-b199-249d7020bba1,water,fresh water body,"Water, fresh",,kg,,,,
f8bff873-3318-3cf7-a413-569d08def018,saline water body,ocean,"Water, saline",,kg,,,,
b89103a6-91b2-3701-b3ea-af50f7ad0547,Resource,biotic,Wood,,kg,,,,
8c1d3916-6435-33d8-b11d-a66fc6e71162,emission,air,Xenon-131m,,kBq,,,,
8bb4f763-9d53-3ae6-b698-f9e1bb186816,emission,air,Xenon-133,,kBq,,,,
b172246a-087b-307d-913a-af43ac3aca72,emission,air,Xenon-135,,kBq,,,,
43161b00-9b9e-385e-a374-babe607eafb5,emission,air,Xenon-137,,kBq,,,,
9e32fa50-41aa-3c16-8a4c-2e97713a2f9c,emission,air,Xenon-138,,kBq,,,,
aef9d0ff-6482-3b1d-a53e-4d738bdcd9b1,emission,air,Xylene,,kg,,,,
11b4481a-d297-349a-89fc-102009c1410c,emission,water,Xylene,,kg,,,,
314b8e09-145e-38d1-b3f3-c2bc98a315ef,saline water body,ocean,Xylene,,kg,,,,
de5746fd-ed50-3e5b-bbc4-9b1fc20a131d,water,fresh water body,Xylene,,kg,,,,
a5bfeb39-8005-36ca-bada-1396ae62e098,ground,subterranean,Ytterbium,,kg,,,,
5f38d379-fe5b-354c-83b3-cba734266e82,emission,water,Yttrium,,kg,,,,
88c8c570-9576-371c-8adf-1ef89fe1ae8f,ground,subterranean,Yttrium,,kg,,,,
435bfa52-d2d3-3760-abf4-27de892972ac,emission,air,Zinc,,kg,,,,
927b067a-7537-36f6-bad0-ca7b576845fd,emission,ground,Zinc,,kg,,,,
41f104ab-8f49-3924-9b57-98ed81cd54a0,emission,water,Zinc,,kg,,,,
6c9b1db4-74d6-318f-bc94-1613d1ba068b,ground,subterranean,Zinc,,kg,,,,
dcad5689-3de6-3d80-bc24-c3ce47352482,human-dominated,agricultural,Zinc,,kg,,,,
0ec55151-f34c-39e7-83f8-e23b1c4cd675,saline water body,ocean,Zinc,,kg,,,,
aad08270-1b26-3117-b16b-e1334dc974bb,water,fresh water body,Zinc,,kg,,,,
75787b9c-5517-3b43-9ca7-46c1516fae31,emission,air,Zinc oxide,,kg,,,,
ea17dad9-b168-3c65-bf68-c5c1202412c6,ground,subterranean,Zirconium,,kg,,,,